fichier,type_page1,faisabilite,detail
Ressources/PLU bioclimatique/Annexes/Addenda/ANNAD1_2025_12_19.pdf,couverture / page de titre (linéaire),"INCERTAIN — peu de spans mais pas de taille de police clairement dominante, à vérifier au cas par cas","n_spans=4, max_size=28.0, median_size=28.0, image_area_ratio=0.00"
Ressources/PLU bioclimatique/Annexes/Addenda/ANNAD2.pdf,couverture / page de titre (linéaire),"INCERTAIN — peu de spans mais pas de taille de police clairement dominante, à vérifier au cas par cas","n_spans=3, max_size=28.0, median_size=28.0, image_area_ratio=0.00"
Ressources/PLU bioclimatique/Annexes/Addenda/ANNAD3.pdf,couverture / page de titre (linéaire),"INCERTAIN — peu de spans mais pas de taille de police clairement dominante, à vérifier au cas par cas","n_spans=3, max_size=28.0, median_size=28.0, image_area_ratio=0.00"
Ressources/PLU bioclimatique/Annexes/Addenda/ANNAD4.pdf,couverture / page de titre (linéaire),"INCERTAIN — peu de spans mais pas de taille de police clairement dominante, à vérifier au cas par cas","n_spans=5, max_size=26.0, median_size=26.0, image_area_ratio=0.00"
Ressources/PLU bioclimatique/Annexes/Plans SUP/ASUP1_2025_12_19.pdf,planche graphique (carte/plan) avec encart texte,"PROBABLE — span de taille nettement supérieure à la médiane (4.4pt vs médiane 2.8pt) détecté en haut de page (candidat: 'MARGUERITE') ; à confirmer par détection de cadre vectoriel (get_drawings, non exécutée ici)","n_spans=60246, image_area_ratio=0.06, n_outliers_top=881"
Ressources/PLU bioclimatique/Annexes/Plans SUP/ASUP2AD5.pdf,planche graphique (carte/plan) avec encart texte,"INCERTAIN — aucun span nettement plus grand détecté en haut de page ; cas potentiellement proche de ASUP2AD5 (labels de carte uniquement, pas de cartouche titre repérable par la taille de police)","n_spans=200, image_area_ratio=1.00"
Ressources/PLU bioclimatique/Annexes/Plans SUP/ASUP2D3.pdf,planche graphique (carte/plan) avec encart texte,"PROBABLE — span de taille nettement supérieure à la médiane (4.8pt vs médiane 2.9pt) détecté en haut de page (candidat: 'VICTOR') ; à confirmer par détection de cadre vectoriel (get_drawings, non exécutée ici)","n_spans=59812, image_area_ratio=0.06, n_outliers_top=785"
Ressources/PLU bioclimatique/Annexes/Plans SUP/ASUP2E.pdf,planche graphique (carte/plan) avec encart texte,"PROBABLE — span de taille nettement supérieure à la médiane (4.8pt vs médiane 2.9pt) détecté en haut de page (candidat: 'VICTOR') ; à confirmer par détection de cadre vectoriel (get_drawings, non exécutée ici)","n_spans=59999, image_area_ratio=0.06, n_outliers_top=820"
Ressources/PLU bioclimatique/Annexes/Plans SUP/ASUP4_2025_12_19.pdf,planche graphique (carte/plan) avec encart texte,"PROBABLE — span de taille nettement supérieure à la médiane (4.8pt vs médiane 3.0pt) détecté en haut de page (candidat: 'VICTOR') ; à confirmer par détection de cadre vectoriel (get_drawings, non exécutée ici)","n_spans=62187, image_area_ratio=0.06, n_outliers_top=817"
Ressources/PLU bioclimatique/Annexes/Plans SUP/ASUPBOIS.pdf,planche graphique (carte/plan) avec encart texte,"PROBABLE — span de taille nettement supérieure à la médiane (15.8pt vs médiane 3.4pt) détecté en haut de page (candidat: 'mise à jour du ?? novembre 2023') ; à confirmer par détection de cadre vectoriel (get_drawings, non exécutée ici)","n_spans=11727, image_area_ratio=0.06, n_outliers_top=538"
Ressources/PLU bioclimatique/Annexes/Plans SUP/PPRI/ALEA1910.pdf,aucun texte exploitable (image/scan pur),NON — pas de span texte sur la page,image_area_ratio=1.00
Ressources/PLU bioclimatique/Annexes/Plans SUP/PPRI/BOREUX.pdf,aucun texte exploitable (image/scan pur),NON — pas de span texte sur la page,image_area_ratio=1.00
Ressources/PLU bioclimatique/Annexes/Plans SUP/PPRI/ENJEUX.pdf,aucun texte exploitable (image/scan pur),NON — pas de span texte sur la page,image_area_ratio=1.00
Ressources/PLU bioclimatique/Annexes/Plans SUP/PPRI/PPRI12.pdf,aucun texte exploitable (image/scan pur),NON — pas de span texte sur la page,image_area_ratio=1.00
Ressources/PLU bioclimatique/Annexes/Plans SUP/PPRI/PPRI1234_11.pdf,aucun texte exploitable (image/scan pur),NON — pas de span texte sur la page,image_area_ratio=1.00
Ressources/PLU bioclimatique/Annexes/Plans SUP/PPRI/PPRI13.pdf,aucun texte exploitable (image/scan pur),NON — pas de span texte sur la page,image_area_ratio=1.00
Ressources/PLU bioclimatique/Annexes/Plans SUP/PPRI/PPRI15.pdf,aucun texte exploitable (image/scan pur),NON — pas de span texte sur la page,image_area_ratio=1.00
Ressources/PLU bioclimatique/Annexes/Plans SUP/PPRI/PPRI16.pdf,aucun texte exploitable (image/scan pur),NON — pas de span texte sur la page,image_area_ratio=1.00
Ressources/PLU bioclimatique/Annexes/Plans SUP/PPRI/PPRI5_6_7.pdf,aucun texte exploitable (image/scan pur),NON — pas de span texte sur la page,image_area_ratio=1.00
Ressources/PLU bioclimatique/Annexes/Plans SUP/PPRI/PPRI8_9_10.pdf,aucun texte exploitable (image/scan pur),NON — pas de span texte sur la page,image_area_ratio=1.00
Ressources/PLU bioclimatique/Annexes/Plans SUP/PPRI/PPRIBOU.pdf,aucun texte exploitable (image/scan pur),NON — pas de span texte sur la page,image_area_ratio=1.00
Ressources/PLU bioclimatique/Annexes/Plans SUP/PPRI/PPRI_LEGEND.pdf,aucun texte exploitable (image/scan pur),NON — pas de span texte sur la page,image_area_ratio=1.00
Ressources/PLU bioclimatique/Annexes/Plans autres périmètres/A15152_01A04_2025_12_19.pdf,planche graphique (carte/plan) avec encart texte,"INCERTAIN — aucun span nettement plus grand détecté en haut de page ; cas potentiellement proche de ASUP2AD5 (labels de carte uniquement, pas de cartouche titre repérable par la taille de police)","n_spans=57, image_area_ratio=1.00"
Ressources/PLU bioclimatique/Annexes/Plans autres périmètres/A15152_05_06_2025_12_19.pdf,planche graphique (carte/plan) avec encart texte,"PROBABLE — span de taille nettement supérieure à la médiane (36.0pt vs médiane 17.8pt) détecté en haut de page (candidat: 'IV') ; à confirmer par détection de cadre vectoriel (get_drawings, non exécutée ici)","n_spans=61, image_area_ratio=1.00, n_outliers_top=17"
Ressources/PLU bioclimatique/Annexes/Plans autres périmètres/A15152_07_08_2025_12_19.pdf,planche graphique (carte/plan) avec encart texte,"PROBABLE — span de taille nettement supérieure à la médiane (36.0pt vs médiane 15.8pt) détecté en haut de page (candidat: 'IX') ; à confirmer par détection de cadre vectoriel (get_drawings, non exécutée ici)","n_spans=66, image_area_ratio=1.00, n_outliers_top=6"
Ressources/PLU bioclimatique/Annexes/Plans autres périmètres/A15152_09_10_2025_12_19.pdf,planche graphique (carte/plan) avec encart texte,"PROBABLE — span de taille nettement supérieure à la médiane (36.0pt vs médiane 19.9pt) détecté en haut de page (candidat: 'XVII') ; à confirmer par détection de cadre vectoriel (get_drawings, non exécutée ici)","n_spans=58, image_area_ratio=1.00, n_outliers_top=4"
Ressources/PLU bioclimatique/Annexes/Plans autres périmètres/A15152_11_2025_12_19.pdf,planche graphique (carte/plan) avec encart texte,"PROBABLE — span de taille nettement supérieure à la médiane (36.0pt vs médiane 17.8pt) détecté en haut de page (candidat: 'III') ; à confirmer par détection de cadre vectoriel (get_drawings, non exécutée ici)","n_spans=47, image_area_ratio=1.00, n_outliers_top=5"
Ressources/PLU bioclimatique/Annexes/Plans autres périmètres/A15152_12_2025_12_19.pdf,planche graphique (carte/plan) avec encart texte,"PROBABLE — span de taille nettement supérieure à la médiane (36.0pt vs médiane 7.0pt) détecté en haut de page (candidat: 'IV') ; à confirmer par détection de cadre vectoriel (get_drawings, non exécutée ici)","n_spans=177, image_area_ratio=1.00, n_outliers_top=19"
Ressources/PLU bioclimatique/Annexes/Plans autres périmètres/A15152_13_2025_12_19.pdf,planche graphique (carte/plan) avec encart texte,"PROBABLE — span de taille nettement supérieure à la médiane (36.0pt vs médiane 7.0pt) détecté en haut de page (candidat: 'V') ; à confirmer par détection de cadre vectoriel (get_drawings, non exécutée ici)","n_spans=174, image_area_ratio=1.00, n_outliers_top=7"
Ressources/PLU bioclimatique/Annexes/Plans autres périmètres/A15152_14_2025_12_19.pdf,planche graphique (carte/plan) avec encart texte,"PROBABLE — span de taille nettement supérieure à la médiane (36.0pt vs médiane 7.0pt) détecté en haut de page (candidat: 'VI') ; à confirmer par détection de cadre vectoriel (get_drawings, non exécutée ici)","n_spans=294, image_area_ratio=1.00, n_outliers_top=8"
Ressources/PLU bioclimatique/Annexes/Plans autres périmètres/A15152_15_2025_12_19.pdf,planche graphique (carte/plan) avec encart texte,"PROBABLE — span de taille nettement supérieure à la médiane (36.0pt vs médiane 7.0pt) détecté en haut de page (candidat: 'VII') ; à confirmer par détection de cadre vectoriel (get_drawings, non exécutée ici)","n_spans=207, image_area_ratio=1.00, n_outliers_top=10"
Ressources/PLU bioclimatique/Annexes/Plans autres périmètres/A15152_16_2025_12_19.pdf,planche graphique (carte/plan) avec encart texte,"PROBABLE — span de taille nettement supérieure à la médiane (36.0pt vs médiane 12.0pt) détecté en haut de page (candidat: 'XVII') ; à confirmer par détection de cadre vectoriel (get_drawings, non exécutée ici)","n_spans=59, image_area_ratio=1.00, n_outliers_top=4"
Ressources/PLU bioclimatique/Annexes/Plans autres périmètres/A15152_17_2025_12_19.pdf,planche graphique (carte/plan) avec encart texte,"PROBABLE — span de taille nettement supérieure à la médiane (19.9pt vs médiane 7.0pt) détecté en haut de page (candidat: 'CLICHY - BATIGNOLLES') ; à confirmer par détection de cadre vectoriel (get_drawings, non exécutée ici)","n_spans=306, image_area_ratio=1.00, n_outliers_top=3"
Ressources/PLU bioclimatique/Annexes/Plans autres périmètres/A15152_18_2025_12_19.pdf,planche graphique (carte/plan) avec encart texte,"PROBABLE — span de taille nettement supérieure à la médiane (19.9pt vs médiane 7.0pt) détecté en haut de page (candidat: 'ST - OUEN') ; à confirmer par détection de cadre vectoriel (get_drawings, non exécutée ici)","n_spans=204, image_area_ratio=1.00, n_outliers_top=4"
Ressources/PLU bioclimatique/Annexes/Plans autres périmètres/A15152_19_2025_12_19.pdf,planche graphique (carte/plan) avec encart texte,"PROBABLE — span de taille nettement supérieure à la médiane (36.0pt vs médiane 7.0pt) détecté en haut de page (candidat: 'XVIII') ; à confirmer par détection de cadre vectoriel (get_drawings, non exécutée ici)","n_spans=187, image_area_ratio=1.00, n_outliers_top=10"
Ressources/PLU bioclimatique/Annexes/Plans autres périmètres/A15152_20_2025_12_19.pdf,planche graphique (carte/plan) avec encart texte,"PROBABLE — span de taille nettement supérieure à la médiane (36.0pt vs médiane 7.0pt) détecté en haut de page (candidat: 'XIX') ; à confirmer par détection de cadre vectoriel (get_drawings, non exécutée ici)","n_spans=111, image_area_ratio=1.00, n_outliers_top=4"
Ressources/PLU bioclimatique/Annexes/Textes et documents illustrés/ANN10.pdf,couverture / page de titre (linéaire),"INCERTAIN — peu de spans mais pas de taille de police clairement dominante, à vérifier au cas par cas","n_spans=4, max_size=28.0, median_size=26.0, image_area_ratio=0.00"
Ressources/PLU bioclimatique/Annexes/Textes et documents illustrés/ANN11_2025_12_19.pdf,couverture / page de titre (linéaire),"INCERTAIN — peu de spans mais pas de taille de police clairement dominante, à vérifier au cas par cas","n_spans=3, max_size=28.0, median_size=28.0, image_area_ratio=0.00"
Ressources/PLU bioclimatique/Annexes/Textes et documents illustrés/ANN1_2025_12_19.pdf,couverture / page de titre (linéaire),"INCERTAIN — peu de spans mais pas de taille de police clairement dominante, à vérifier au cas par cas","n_spans=3, max_size=28.0, median_size=28.0, image_area_ratio=0.00"
Ressources/PLU bioclimatique/Annexes/Textes et documents illustrés/ANN2A_2025_12_19.pdf,couverture / page de titre (linéaire),"INCERTAIN — peu de spans mais pas de taille de police clairement dominante, à vérifier au cas par cas","n_spans=4, max_size=28.0, median_size=26.0, image_area_ratio=0.00"
Ressources/PLU bioclimatique/Annexes/Textes et documents illustrés/ANN2B_2025_12_19.pdf,couverture / page de titre (linéaire),"INCERTAIN — peu de spans mais pas de taille de police clairement dominante, à vérifier au cas par cas","n_spans=5, max_size=28.0, median_size=28.0, image_area_ratio=0.00"
Ressources/PLU bioclimatique/Annexes/Textes et documents illustrés/ANN3.pdf,couverture / page de titre (linéaire),"INCERTAIN — peu de spans mais pas de taille de police clairement dominante, à vérifier au cas par cas","n_spans=4, max_size=28.0, median_size=26.0, image_area_ratio=0.00"
Ressources/PLU bioclimatique/Annexes/Textes et documents illustrés/ANN4_2025_12_19.pdf,couverture / page de titre (linéaire),"INCERTAIN — peu de spans mais pas de taille de police clairement dominante, à vérifier au cas par cas","n_spans=6, max_size=28.0, median_size=28.0, image_area_ratio=0.00"
Ressources/PLU bioclimatique/Annexes/Textes et documents illustrés/ANN5_2025_12_19.pdf,couverture / page de titre (linéaire),"INCERTAIN — peu de spans mais pas de taille de police clairement dominante, à vérifier au cas par cas","n_spans=3, max_size=28.0, median_size=24.0, image_area_ratio=0.00"
Ressources/PLU bioclimatique/Annexes/Textes et documents illustrés/ANN6.pdf,couverture / page de titre (linéaire),"INCERTAIN — peu de spans mais pas de taille de police clairement dominante, à vérifier au cas par cas","n_spans=4, max_size=28.0, median_size=26.0, image_area_ratio=0.00"
Ressources/PLU bioclimatique/Annexes/Textes et documents illustrés/ANN7.pdf,couverture / page de titre (linéaire),"INCERTAIN — peu de spans mais pas de taille de police clairement dominante, à vérifier au cas par cas","n_spans=4, max_size=28.0, median_size=26.0, image_area_ratio=0.00"
Ressources/PLU bioclimatique/Annexes/Textes et documents illustrés/ANN8_2025_12_19.pdf,couverture / page de titre (linéaire),"INCERTAIN — peu de spans mais pas de taille de police clairement dominante, à vérifier au cas par cas","n_spans=4, max_size=28.0, median_size=26.0, image_area_ratio=0.00"
Ressources/PLU bioclimatique/Annexes/Textes et documents illustrés/ANN9.pdf,couverture / page de titre (linéaire),"INCERTAIN — peu de spans mais pas de taille de police clairement dominante, à vérifier au cas par cas","n_spans=3, max_size=28.0, median_size=24.0, image_area_ratio=0.00"
Ressources/PLU bioclimatique/OAP/Sectorielles/OAP_BARTHOLOME_BRANCION.pdf,couverture / page de titre (linéaire),"OUI — plus grande taille de police en haut de page (méthode gap-Y validée sur PADD.pdf, OAP_BARTHOLOME_BRANCION.pdf)","n_spans=7, max_size=20.0, median_size=15.0, image_area_ratio=1.00"
Ressources/PLU bioclimatique/OAP/Sectorielles/OAP_BEAUGRENELLE.pdf,couverture / page de titre (linéaire),"OUI — plus grande taille de police en haut de page (méthode gap-Y validée sur PADD.pdf, OAP_BARTHOLOME_BRANCION.pdf)","n_spans=7, max_size=20.0, median_size=15.0, image_area_ratio=1.00"
Ressources/PLU bioclimatique/OAP/Sectorielles/OAP_BEDIER_OUDINE.pdf,couverture / page de titre (linéaire),"OUI — plus grande taille de police en haut de page (méthode gap-Y validée sur PADD.pdf, OAP_BARTHOLOME_BRANCION.pdf)","n_spans=7, max_size=20.0, median_size=15.0, image_area_ratio=1.00"
Ressources/PLU bioclimatique/OAP/Sectorielles/OAP_BERCY_CHARENTON.pdf,couverture / page de titre (linéaire),"OUI — plus grande taille de police en haut de page (méthode gap-Y validée sur PADD.pdf, OAP_BARTHOLOME_BRANCION.pdf)","n_spans=7, max_size=20.0, median_size=15.0, image_area_ratio=1.00"
Ressources/PLU bioclimatique/OAP/Sectorielles/OAP_GARE_DE_LYON_DAUMESNIL.pdf,couverture / page de titre (linéaire),"OUI — plus grande taille de police en haut de page (méthode gap-Y validée sur PADD.pdf, OAP_BARTHOLOME_BRANCION.pdf)","n_spans=7, max_size=20.0, median_size=15.0, image_area_ratio=1.00"
Ressources/PLU bioclimatique/OAP/Sectorielles/OAP_MAINE_MONTPARNASSE.pdf,couverture / page de titre (linéaire),"OUI — plus grande taille de police en haut de page (méthode gap-Y validée sur PADD.pdf, OAP_BARTHOLOME_BRANCION.pdf)","n_spans=11, max_size=20.0, median_size=15.0, image_area_ratio=1.00"
Ressources/PLU bioclimatique/OAP/Sectorielles/OAP_OLYMPIADES.pdf,couverture / page de titre (linéaire),"OUI — plus grande taille de police en haut de page (méthode gap-Y validée sur PADD.pdf, OAP_BARTHOLOME_BRANCION.pdf)","n_spans=7, max_size=20.0, median_size=15.0, image_area_ratio=1.00"
Ressources/PLU bioclimatique/OAP/Sectorielles/OAP_PARIS_NORD_EST.pdf,couverture / page de titre (linéaire),"OUI — plus grande taille de police en haut de page (méthode gap-Y validée sur PADD.pdf, OAP_BARTHOLOME_BRANCION.pdf)","n_spans=9, max_size=20.0, median_size=15.0, image_area_ratio=1.00"
Ressources/PLU bioclimatique/OAP/Sectorielles/OAP_PARIS_RIVE_GAUCHE.pdf,couverture / page de titre (linéaire),"OUI — plus grande taille de police en haut de page (méthode gap-Y validée sur PADD.pdf, OAP_BARTHOLOME_BRANCION.pdf)","n_spans=7, max_size=20.0, median_size=15.0, image_area_ratio=1.00"
Ressources/PLU bioclimatique/OAP/Sectorielles/OAP_PAUL_BOURGET.pdf,couverture / page de titre (linéaire),"OUI — plus grande taille de police en haut de page (méthode gap-Y validée sur PADD.pdf, OAP_BARTHOLOME_BRANCION.pdf)","n_spans=7, max_size=20.0, median_size=15.0, image_area_ratio=1.00"
Ressources/PLU bioclimatique/OAP/Sectorielles/OAP_PORTES_EST.pdf,couverture / page de titre (linéaire),"OUI — plus grande taille de police en haut de page (méthode gap-Y validée sur PADD.pdf, OAP_BARTHOLOME_BRANCION.pdf)","n_spans=9, max_size=20.0, median_size=15.0, image_area_ratio=1.00"
Ressources/PLU bioclimatique/OAP/Sectorielles/OAP_SAINT_VINCENT_DE_PAUL.pdf,couverture / page de titre (linéaire),"OUI — plus grande taille de police en haut de page (méthode gap-Y validée sur PADD.pdf, OAP_BARTHOLOME_BRANCION.pdf)","n_spans=7, max_size=20.0, median_size=15.0, image_area_ratio=1.00"
Ressources/PLU bioclimatique/OAP/Sectorielles/OAP_SUZANNE_LENGLEN.pdf,couverture / page de titre (linéaire),"OUI — plus grande taille de police en haut de page (méthode gap-Y validée sur PADD.pdf, OAP_BARTHOLOME_BRANCION.pdf)","n_spans=7, max_size=20.0, median_size=15.0, image_area_ratio=1.00"
Ressources/PLU bioclimatique/OAP/Thématiques/OAP_BIODIVERSITE.pdf,couverture / page de titre (linéaire),"INCERTAIN — peu de spans mais pas de taille de police clairement dominante, à vérifier au cas par cas","n_spans=6, max_size=20.0, median_size=17.5, image_area_ratio=1.00"
Ressources/PLU bioclimatique/OAP/Thématiques/OAP_CONSTRUCTION.pdf,couverture / page de titre (linéaire),"OUI — plus grande taille de police en haut de page (méthode gap-Y validée sur PADD.pdf, OAP_BARTHOLOME_BRANCION.pdf)","n_spans=17, max_size=20.0, median_size=10.0, image_area_ratio=1.00"
Ressources/PLU bioclimatique/OAP/Thématiques/OAP_ESPACE_PUBLIC.pdf,couverture / page de titre (linéaire),"OUI — plus grande taille de police en haut de page (méthode gap-Y validée sur PADD.pdf, OAP_BARTHOLOME_BRANCION.pdf)","n_spans=17, max_size=20.0, median_size=10.0, image_area_ratio=1.00"
Ressources/PLU bioclimatique/OAP/Thématiques/OAP_HERITAGE.pdf,couverture / page de titre (linéaire),"OUI — plus grande taille de police en haut de page (méthode gap-Y validée sur PADD.pdf, OAP_BARTHOLOME_BRANCION.pdf)","n_spans=12, max_size=20.0, median_size=10.0, image_area_ratio=1.00"
Ressources/PLU bioclimatique/OAP/Thématiques/OAP_METROPOLE.pdf,couverture / page de titre (linéaire),"INCERTAIN — peu de spans mais pas de taille de police clairement dominante, à vérifier au cas par cas","n_spans=5, max_size=20.0, median_size=20.0, image_area_ratio=1.00"
Ressources/PLU bioclimatique/OAP/Thématiques/OAP_QUART_HEURE.pdf,couverture / page de titre (linéaire),"INCERTAIN — peu de spans mais pas de taille de police clairement dominante, à vérifier au cas par cas","n_spans=5, max_size=20.0, median_size=20.0, image_area_ratio=1.00"
Ressources/PLU bioclimatique/OAP/Thématiques/OAP_SANTE.pdf,couverture / page de titre (linéaire),"INCERTAIN — peu de spans mais pas de taille de police clairement dominante, à vérifier au cas par cas","n_spans=5, max_size=20.0, median_size=20.0, image_area_ratio=1.00"
Ressources/PLU bioclimatique/PADD/PADD.pdf,couverture / page de titre (linéaire),"INCERTAIN — peu de spans mais pas de taille de police clairement dominante, à vérifier au cas par cas","n_spans=3, max_size=20.1, median_size=20.0, image_area_ratio=1.00"
Ressources/PLU bioclimatique/Rapport de présentation/RP_20251017_MC1_HOTEL_DIEU.pdf,couverture / page de titre (linéaire),"OUI — plus grande taille de police en haut de page (méthode gap-Y validée sur PADD.pdf, OAP_BARTHOLOME_BRANCION.pdf)","n_spans=11, max_size=146.7, median_size=26.0, image_area_ratio=0.05"
Ressources/PLU bioclimatique/Rapport de présentation/RP_CHOIX.pdf,planche graphique (carte/plan) avec encart texte,"PROBABLE — span de taille nettement supérieure à la médiane (20.1pt vs médiane 10.0pt) détecté en haut de page (candidat: 'RAPPORT DE PRÉSENTATION ') ; à confirmer par détection de cadre vectoriel (get_drawings, non exécutée ici)","n_spans=30, image_area_ratio=1.00, n_outliers_top=1"
Ressources/PLU bioclimatique/Rapport de présentation/RP_DE.pdf,couverture / page de titre (linéaire),"OUI — plus grande taille de police en haut de page (méthode gap-Y validée sur PADD.pdf, OAP_BARTHOLOME_BRANCION.pdf)","n_spans=6, max_size=20.0, median_size=15.0, image_area_ratio=1.00"
Ressources/PLU bioclimatique/Rapport de présentation/RP_DIAGNOSTIC.pdf,couverture / page de titre (linéaire),"OUI — plus grande taille de police en haut de page (méthode gap-Y validée sur PADD.pdf, OAP_BARTHOLOME_BRANCION.pdf)","n_spans=6, max_size=20.0, median_size=15.0, image_area_ratio=1.00"
Ressources/PLU bioclimatique/Rapport de présentation/RP_EIE.pdf,couverture / page de titre (linéaire),"OUI — plus grande taille de police en haut de page (méthode gap-Y validée sur PADD.pdf, OAP_BARTHOLOME_BRANCION.pdf)","n_spans=7, max_size=20.1, median_size=15.0, image_area_ratio=1.00"
Ressources/PLU bioclimatique/Rapport de présentation/RP_EVAL.pdf,couverture / page de titre (linéaire),"OUI — plus grande taille de police en haut de page (méthode gap-Y validée sur PADD.pdf, OAP_BARTHOLOME_BRANCION.pdf)","n_spans=7, max_size=20.1, median_size=15.0, image_area_ratio=1.00"
Ressources/PLU bioclimatique/Rapport de présentation/RP_INDIC.pdf,couverture / page de titre (linéaire),"OUI — plus grande taille de police en haut de page (méthode gap-Y validée sur PADD.pdf, OAP_BARTHOLOME_BRANCION.pdf)","n_spans=8, max_size=20.0, median_size=15.0, image_area_ratio=1.00"
Ressources/PLU bioclimatique/Rapport de présentation/RP_PREAMBULE.pdf,couverture / page de titre (linéaire),"OUI — plus grande taille de police en haut de page (méthode gap-Y validée sur PADD.pdf, OAP_BARTHOLOME_BRANCION.pdf)","n_spans=6, max_size=20.0, median_size=15.0, image_area_ratio=1.00"
Ressources/PLU bioclimatique/Rapport de présentation/RP_RNT.pdf,couverture / page de titre (linéaire),"OUI — plus grande taille de police en haut de page (méthode gap-Y validée sur PADD.pdf, OAP_BARTHOLOME_BRANCION.pdf)","n_spans=7, max_size=20.0, median_size=15.0, image_area_ratio=1.00"
Ressources/PLU bioclimatique/Rapport de présentation/Rapport_presentation_MS1.pdf,couverture / page de titre (linéaire),"OUI — plus grande taille de police en haut de page (méthode gap-Y validée sur PADD.pdf, OAP_BARTHOLOME_BRANCION.pdf)","n_spans=6, max_size=20.0, median_size=11.0, image_area_ratio=0.98"
Ressources/PLU bioclimatique/Règlement/Documents graphiques/Atlas 1/Alignements arbres/DG_H_ARBRALIG_NE.pdf,planche graphique (carte/plan) avec encart texte,"PROBABLE — span de taille nettement supérieure à la médiane (3.8pt vs médiane 2.2pt) détecté en haut de page (candidat: 'André') ; à confirmer par détection de cadre vectoriel (get_drawings, non exécutée ici)","n_spans=18035, image_area_ratio=0.00, n_outliers_top=422"
Ressources/PLU bioclimatique/Règlement/Documents graphiques/Atlas 1/Alignements arbres/DG_H_ARBRALIG_NO.pdf,planche graphique (carte/plan) avec encart texte,"PROBABLE — span de taille nettement supérieure à la médiane (3.8pt vs médiane 2.2pt) détecté en haut de page (candidat: 'Rebière') ; à confirmer par détection de cadre vectoriel (get_drawings, non exécutée ici)","n_spans=12942, image_area_ratio=0.00, n_outliers_top=408"
Ressources/PLU bioclimatique/Règlement/Documents graphiques/Atlas 1/Alignements arbres/DG_H_ARBRALIG_SE.pdf,planche graphique (carte/plan) avec encart texte,"PROBABLE — span de taille nettement supérieure à la médiane (3.8pt vs médiane 2.2pt) détecté en haut de page (candidat: 'Rue') ; à confirmer par détection de cadre vectoriel (get_drawings, non exécutée ici)","n_spans=15311, image_area_ratio=0.00, n_outliers_top=515"
Ressources/PLU bioclimatique/Règlement/Documents graphiques/Atlas 1/Alignements arbres/DG_H_ARBRALIG_SO.pdf,planche graphique (carte/plan) avec encart texte,"PROBABLE — span de taille nettement supérieure à la médiane (3.8pt vs médiane 2.2pt) détecté en haut de page (candidat: 'François') ; à confirmer par détection de cadre vectoriel (get_drawings, non exécutée ici)","n_spans=13216, image_area_ratio=0.00, n_outliers_top=542"
Ressources/PLU bioclimatique/Règlement/Documents graphiques/Atlas 1/Bois Boulogne/BBC.pdf,"sommaire / table des matières (linéaire, dense)",OUI — méthode d'ancrage titre validée (études REG1/REG2 de cette session),n_spans=311
Ressources/PLU bioclimatique/Règlement/Documents graphiques/Atlas 1/Bois Boulogne/BBN.pdf,planche graphique (carte/plan) avec encart texte,"PROBABLE — span de taille nettement supérieure à la médiane (18.0pt vs médiane 4.3pt) détecté en haut de page (candidat: 'B1') ; à confirmer par détection de cadre vectoriel (get_drawings, non exécutée ici)","n_spans=725, image_area_ratio=0.00, n_outliers_top=12"
Ressources/PLU bioclimatique/Règlement/Documents graphiques/Atlas 1/Bois Boulogne/BBRG.pdf,planche graphique (carte/plan) avec encart texte,"PROBABLE — span de taille nettement supérieure à la médiane (13.9pt vs médiane 4.3pt) détecté en haut de page (candidat: 'ʌ Bois de Boulogne - Sud ʌ') ; à confirmer par détection de cadre vectoriel (get_drawings, non exécutée ici)","n_spans=492, image_area_ratio=0.00, n_outliers_top=6"
Ressources/PLU bioclimatique/Règlement/Documents graphiques/Atlas 1/Bois Boulogne/BBS.pdf,"sommaire / table des matières (linéaire, dense)",OUI — méthode d'ancrage titre validée (études REG1/REG2 de cette session),n_spans=395
Ressources/PLU bioclimatique/Règlement/Documents graphiques/Atlas 1/Bois Boulogne/LEG2000.pdf,linéaire (texte courant),"OUI — pas de contrainte de mise en page particulière, méthode gap-Y applicable","n_spans=150, max_size=19.9, median_size=9.8"
Ressources/PLU bioclimatique/Règlement/Documents graphiques/Atlas 1/Bois Vincennes/BVNE.pdf,linéaire (texte courant),"OUI — pas de contrainte de mise en page particulière, méthode gap-Y applicable","n_spans=220, max_size=21.8, median_size=4.8"
Ressources/PLU bioclimatique/Règlement/Documents graphiques/Atlas 1/Bois Vincennes/BVO.pdf,planche graphique (carte/plan) avec encart texte,"PROBABLE — span de taille nettement supérieure à la médiane (7.9pt vs médiane 4.8pt) détecté en haut de page (candidat: '12-12') ; à confirmer par détection de cadre vectoriel (get_drawings, non exécutée ici)","n_spans=728, image_area_ratio=0.00, n_outliers_top=56"
Ressources/PLU bioclimatique/Règlement/Documents graphiques/Atlas 1/Bois Vincennes/BVSE.pdf,"sommaire / table des matières (linéaire, dense)",OUI — méthode d'ancrage titre validée (études REG1/REG2 de cette session),n_spans=257
Ressources/PLU bioclimatique/Règlement/Documents graphiques/Atlas 1/Bois Vincennes/LEG2000.pdf,linéaire (texte courant),"OUI — pas de contrainte de mise en page particulière, méthode gap-Y applicable","n_spans=150, max_size=19.9, median_size=9.8"
Ressources/PLU bioclimatique/Règlement/Documents graphiques/Atlas 1/DG_A_ZONAGE.pdf,planche graphique (carte/plan) avec encart texte,"PROBABLE — span de taille nettement supérieure à la médiane (10.0pt vs médiane 6.0pt) détecté en haut de page (candidat: 'S') ; à confirmer par détection de cadre vectoriel (get_drawings, non exécutée ici)","n_spans=973, image_area_ratio=0.00, n_outliers_top=123"
Ressources/PLU bioclimatique/Règlement/Documents graphiques/Atlas 1/DG_E_HAUTEUR.pdf,planche graphique (carte/plan) avec encart texte,"PROBABLE — span de taille nettement supérieure à la médiane (10.0pt vs médiane 6.0pt) détecté en haut de page (candidat: 'S') ; à confirmer par détection de cadre vectoriel (get_drawings, non exécutée ici)","n_spans=938, image_area_ratio=0.00, n_outliers_top=117"
Ressources/PLU bioclimatique/Règlement/Documents graphiques/Atlas 1/DG_L_BOIS_VINCENNES.pdf,planche graphique (carte/plan) avec encart texte,"PROBABLE — span de taille nettement supérieure à la médiane (17.8pt vs médiane 6.0pt) détecté en haut de page (candidat: 'A - Plan de zonage - Bois de Vincennes') ; à confirmer par détection de cadre vectoriel (get_drawings, non exécutée ici)","n_spans=473, image_area_ratio=0.00, n_outliers_top=39"
Ressources/PLU bioclimatique/Règlement/Documents graphiques/Atlas 1/DG_M_BOIS_BOULOGNE.pdf,linéaire (texte courant),"OUI — pas de contrainte de mise en page particulière, méthode gap-Y applicable","n_spans=320, max_size=25.9, median_size=6.0"
Ressources/PLU bioclimatique/Règlement/Documents graphiques/Atlas 1/Equilibre destinations/DG_B_DEST_NE.pdf,planche graphique (carte/plan) avec encart texte,"PROBABLE — span de taille nettement supérieure à la médiane (3.8pt vs médiane 2.2pt) détecté en haut de page (candidat: 'André') ; à confirmer par détection de cadre vectoriel (get_drawings, non exécutée ici)","n_spans=18042, image_area_ratio=0.00, n_outliers_top=429"
Ressources/PLU bioclimatique/Règlement/Documents graphiques/Atlas 1/Equilibre destinations/DG_B_DEST_NO.pdf,planche graphique (carte/plan) avec encart texte,"PROBABLE — span de taille nettement supérieure à la médiane (3.8pt vs médiane 2.2pt) détecté en haut de page (candidat: 'Rebière') ; à confirmer par détection de cadre vectoriel (get_drawings, non exécutée ici)","n_spans=12945, image_area_ratio=0.00, n_outliers_top=411"
Ressources/PLU bioclimatique/Règlement/Documents graphiques/Atlas 1/Equilibre destinations/DG_B_DEST_SE.pdf,planche graphique (carte/plan) avec encart texte,"PROBABLE — span de taille nettement supérieure à la médiane (3.8pt vs médiane 2.2pt) détecté en haut de page (candidat: 'Rue') ; à confirmer par détection de cadre vectoriel (get_drawings, non exécutée ici)","n_spans=15315, image_area_ratio=0.00, n_outliers_top=515"
Ressources/PLU bioclimatique/Règlement/Documents graphiques/Atlas 1/Equilibre destinations/DG_B_DEST_SO.pdf,planche graphique (carte/plan) avec encart texte,"PROBABLE — span de taille nettement supérieure à la médiane (3.8pt vs médiane 2.2pt) détecté en haut de page (candidat: 'François') ; à confirmer par détection de cadre vectoriel (get_drawings, non exécutée ici)","n_spans=13220, image_area_ratio=0.00, n_outliers_top=542"
Ressources/PLU bioclimatique/Règlement/Documents graphiques/Atlas 1/Fuseaux protection/DG_F_FUSEAU_NE.pdf,planche graphique (carte/plan) avec encart texte,"PROBABLE — span de taille nettement supérieure à la médiane (18.0pt vs médiane 8.4pt) détecté en haut de page (candidat: 'D') ; à confirmer par détection de cadre vectoriel (get_drawings, non exécutée ici)","n_spans=161, image_area_ratio=1.00, n_outliers_top=4"
Ressources/PLU bioclimatique/Règlement/Documents graphiques/Atlas 1/Fuseaux protection/DG_F_FUSEAU_NO.pdf,planche graphique (carte/plan) avec encart texte,"PROBABLE — span de taille nettement supérieure à la médiane (18.0pt vs médiane 8.4pt) détecté en haut de page (candidat: 'G') ; à confirmer par détection de cadre vectoriel (get_drawings, non exécutée ici)","n_spans=129, image_area_ratio=1.00, n_outliers_top=4"
Ressources/PLU bioclimatique/Règlement/Documents graphiques/Atlas 1/Fuseaux protection/DG_F_FUSEAU_SE.pdf,planche graphique (carte/plan) avec encart texte,"PROBABLE — span de taille nettement supérieure à la médiane (18.0pt vs médiane 8.4pt) détecté en haut de page (candidat: 'S') ; à confirmer par détection de cadre vectoriel (get_drawings, non exécutée ici)","n_spans=109, image_area_ratio=1.00, n_outliers_top=10"
Ressources/PLU bioclimatique/Règlement/Documents graphiques/Atlas 1/Fuseaux protection/DG_F_FUSEAU_SO.pdf,planche graphique (carte/plan) avec encart texte,"PROBABLE — span de taille nettement supérieure à la médiane (18.0pt vs médiane 8.4pt) détecté en haut de page (candidat: 'H') ; à confirmer par détection de cadre vectoriel (get_drawings, non exécutée ici)","n_spans=109, image_area_ratio=1.00, n_outliers_top=18"
Ressources/PLU bioclimatique/Règlement/Documents graphiques/Atlas 1/Limitation parc stationnement/DG_I_PARCSTAT_NE.pdf,planche graphique (carte/plan) avec encart texte,"PROBABLE — span de taille nettement supérieure à la médiane (3.8pt vs médiane 2.2pt) détecté en haut de page (candidat: 'André') ; à confirmer par détection de cadre vectoriel (get_drawings, non exécutée ici)","n_spans=18042, image_area_ratio=0.00, n_outliers_top=426"
Ressources/PLU bioclimatique/Règlement/Documents graphiques/Atlas 1/Limitation parc stationnement/DG_I_PARCSTAT_NO.pdf,planche graphique (carte/plan) avec encart texte,"PROBABLE — span de taille nettement supérieure à la médiane (3.8pt vs médiane 2.2pt) détecté en haut de page (candidat: 'Rebière') ; à confirmer par détection de cadre vectoriel (get_drawings, non exécutée ici)","n_spans=12944, image_area_ratio=0.00, n_outliers_top=410"
Ressources/PLU bioclimatique/Règlement/Documents graphiques/Atlas 1/Limitation parc stationnement/DG_I_PARCSTAT_SE.pdf,planche graphique (carte/plan) avec encart texte,"PROBABLE — span de taille nettement supérieure à la médiane (3.8pt vs médiane 2.2pt) détecté en haut de page (candidat: 'Rue') ; à confirmer par détection de cadre vectoriel (get_drawings, non exécutée ici)","n_spans=15313, image_area_ratio=0.00, n_outliers_top=516"
Ressources/PLU bioclimatique/Règlement/Documents graphiques/Atlas 1/Limitation parc stationnement/DG_I_PARCSTAT_SO.pdf,planche graphique (carte/plan) avec encart texte,"PROBABLE — span de taille nettement supérieure à la médiane (3.8pt vs médiane 2.2pt) détecté en haut de page (candidat: 'François') ; à confirmer par détection de cadre vectoriel (get_drawings, non exécutée ici)","n_spans=13218, image_area_ratio=0.00, n_outliers_top=542"
Ressources/PLU bioclimatique/Règlement/Documents graphiques/Atlas 1/Mixité sociale/DG_D_LOGSOC_NE.pdf,planche graphique (carte/plan) avec encart texte,"PROBABLE — span de taille nettement supérieure à la médiane (3.8pt vs médiane 2.2pt) détecté en haut de page (candidat: 'André') ; à confirmer par détection de cadre vectoriel (get_drawings, non exécutée ici)","n_spans=18038, image_area_ratio=0.00, n_outliers_top=425"
Ressources/PLU bioclimatique/Règlement/Documents graphiques/Atlas 1/Mixité sociale/DG_D_LOGSOC_NO.pdf,planche graphique (carte/plan) avec encart texte,"PROBABLE — span de taille nettement supérieure à la médiane (3.8pt vs médiane 2.2pt) détecté en haut de page (candidat: 'Rebière') ; à confirmer par détection de cadre vectoriel (get_drawings, non exécutée ici)","n_spans=12943, image_area_ratio=0.00, n_outliers_top=409"
Ressources/PLU bioclimatique/Règlement/Documents graphiques/Atlas 1/Mixité sociale/DG_D_LOGSOC_SE.pdf,planche graphique (carte/plan) avec encart texte,"PROBABLE — span de taille nettement supérieure à la médiane (3.8pt vs médiane 2.2pt) détecté en haut de page (candidat: 'Rue') ; à confirmer par détection de cadre vectoriel (get_drawings, non exécutée ici)","n_spans=15311, image_area_ratio=0.00, n_outliers_top=514"
Ressources/PLU bioclimatique/Règlement/Documents graphiques/Atlas 1/Mixité sociale/DG_D_LOGSOC_SO.pdf,planche graphique (carte/plan) avec encart texte,"PROBABLE — span de taille nettement supérieure à la médiane (3.8pt vs médiane 2.2pt) détecté en haut de page (candidat: 'François') ; à confirmer par détection de cadre vectoriel (get_drawings, non exécutée ici)","n_spans=13216, image_area_ratio=0.00, n_outliers_top=542"
Ressources/PLU bioclimatique/Règlement/Documents graphiques/Atlas 1/Protections commerces/DG_C_PROTCOM_NE.pdf,planche graphique (carte/plan) avec encart texte,"PROBABLE — span de taille nettement supérieure à la médiane (3.8pt vs médiane 2.2pt) détecté en haut de page (candidat: 'André') ; à confirmer par détection de cadre vectoriel (get_drawings, non exécutée ici)","n_spans=18044, image_area_ratio=0.00, n_outliers_top=431"
Ressources/PLU bioclimatique/Règlement/Documents graphiques/Atlas 1/Protections commerces/DG_C_PROTCOM_NO.pdf,planche graphique (carte/plan) avec encart texte,"PROBABLE — span de taille nettement supérieure à la médiane (3.8pt vs médiane 2.2pt) détecté en haut de page (candidat: 'Rebière') ; à confirmer par détection de cadre vectoriel (get_drawings, non exécutée ici)","n_spans=12948, image_area_ratio=0.00, n_outliers_top=414"
Ressources/PLU bioclimatique/Règlement/Documents graphiques/Atlas 1/Protections commerces/DG_C_PROTCOM_SE.pdf,planche graphique (carte/plan) avec encart texte,"PROBABLE — span de taille nettement supérieure à la médiane (3.8pt vs médiane 2.2pt) détecté en haut de page (candidat: 'Rue') ; à confirmer par détection de cadre vectoriel (get_drawings, non exécutée ici)","n_spans=15317, image_area_ratio=0.00, n_outliers_top=515"
Ressources/PLU bioclimatique/Règlement/Documents graphiques/Atlas 1/Protections commerces/DG_C_PROTCOM_SO.pdf,planche graphique (carte/plan) avec encart texte,"PROBABLE — span de taille nettement supérieure à la médiane (3.8pt vs médiane 2.2pt) détecté en haut de page (candidat: 'François') ; à confirmer par détection de cadre vectoriel (get_drawings, non exécutée ici)","n_spans=13222, image_area_ratio=0.00, n_outliers_top=542"
Ressources/PLU bioclimatique/Règlement/Documents graphiques/Atlas 1/Renforcement végétal/DG_G_RENFVEG_NE.pdf,planche graphique (carte/plan) avec encart texte,"PROBABLE — span de taille nettement supérieure à la médiane (3.8pt vs médiane 2.2pt) détecté en haut de page (candidat: 'André') ; à confirmer par détection de cadre vectoriel (get_drawings, non exécutée ici)","n_spans=18043, image_area_ratio=0.00, n_outliers_top=430"
Ressources/PLU bioclimatique/Règlement/Documents graphiques/Atlas 1/Renforcement végétal/DG_G_RENFVEG_NO.pdf,planche graphique (carte/plan) avec encart texte,"PROBABLE — span de taille nettement supérieure à la médiane (3.8pt vs médiane 2.2pt) détecté en haut de page (candidat: 'Rebière') ; à confirmer par détection de cadre vectoriel (get_drawings, non exécutée ici)","n_spans=12949, image_area_ratio=0.00, n_outliers_top=415"
Ressources/PLU bioclimatique/Règlement/Documents graphiques/Atlas 1/Renforcement végétal/DG_G_RENFVEG_SE.pdf,planche graphique (carte/plan) avec encart texte,"PROBABLE — span de taille nettement supérieure à la médiane (3.8pt vs médiane 2.2pt) détecté en haut de page (candidat: 'Rue') ; à confirmer par détection de cadre vectoriel (get_drawings, non exécutée ici)","n_spans=15320, image_area_ratio=0.00, n_outliers_top=515"
Ressources/PLU bioclimatique/Règlement/Documents graphiques/Atlas 1/Renforcement végétal/DG_G_RENFVEG_SO.pdf,planche graphique (carte/plan) avec encart texte,"PROBABLE — span de taille nettement supérieure à la médiane (3.8pt vs médiane 2.2pt) détecté en haut de page (candidat: 'François') ; à confirmer par détection de cadre vectoriel (get_drawings, non exécutée ici)","n_spans=13223, image_area_ratio=0.00, n_outliers_top=542"
Ressources/PLU bioclimatique/Règlement/Documents graphiques/Atlas 1/Secteurs risques/DG_J_RISQUE.pdf,planche graphique (carte/plan) avec encart texte,"PROBABLE — span de taille nettement supérieure à la médiane (10.0pt vs médiane 6.0pt) détecté en haut de page (candidat: 'S') ; à confirmer par détection de cadre vectoriel (get_drawings, non exécutée ici)","n_spans=956, image_area_ratio=0.00, n_outliers_top=126"
Ressources/PLU bioclimatique/Règlement/Documents graphiques/Atlas 1/Secteurs risques/DG_K_SOURCENORD.pdf,planche graphique (carte/plan) avec encart texte,"PROBABLE — span de taille nettement supérieure à la médiane (24.0pt vs médiane 13.0pt) détecté en haut de page (candidat: 'K - SOURCES DU NORD') ; à confirmer par détection de cadre vectoriel (get_drawings, non exécutée ici)","n_spans=29, image_area_ratio=1.00, n_outliers_top=1"
Ressources/PLU bioclimatique/Règlement/Documents graphiques/Atlas 2/A_08.pdf,planche graphique (carte/plan) avec encart texte,"PROBABLE — span de taille nettement supérieure à la médiane (13.9pt vs médiane 4.3pt) détecté en haut de page (candidat: 'Feuille A-08') ; à confirmer par détection de cadre vectoriel (get_drawings, non exécutée ici)","n_spans=451, image_area_ratio=0.00, n_outliers_top=6"
Ressources/PLU bioclimatique/Règlement/Documents graphiques/Atlas 2/A_09.pdf,planche graphique (carte/plan) avec encart texte,"PROBABLE — span de taille nettement supérieure à la médiane (19.9pt vs médiane 4.3pt) détecté en haut de page (candidat: 'Roland Garros') ; à confirmer par détection de cadre vectoriel (get_drawings, non exécutée ici)","n_spans=1067, image_area_ratio=0.00, n_outliers_top=19"
Ressources/PLU bioclimatique/Règlement/Documents graphiques/Atlas 2/A_10.pdf,planche graphique (carte/plan) avec encart texte,"PROBABLE — span de taille nettement supérieure à la médiane (12.0pt vs médiane 4.3pt) détecté en haut de page (candidat: 'SMV 16-35') ; à confirmer par détection de cadre vectoriel (get_drawings, non exécutée ici)","n_spans=836, image_area_ratio=0.00, n_outliers_top=18"
Ressources/PLU bioclimatique/Règlement/Documents graphiques/Atlas 2/B_05.pdf,"sommaire / table des matières (linéaire, dense)",OUI — méthode d'ancrage titre validée (études REG1/REG2 de cette session),n_spans=207
Ressources/PLU bioclimatique/Règlement/Documents graphiques/Atlas 2/B_06.pdf,planche graphique (carte/plan) avec encart texte,"PROBABLE — span de taille nettement supérieure à la médiane (9.8pt vs médiane 4.3pt) détecté en haut de page (candidat: 'LS 100-60') ; à confirmer par détection de cadre vectoriel (get_drawings, non exécutée ici)","n_spans=723, image_area_ratio=0.00, n_outliers_top=10"
Ressources/PLU bioclimatique/Règlement/Documents graphiques/Atlas 2/B_07.pdf,planche graphique (carte/plan) avec encart texte,"PROBABLE — span de taille nettement supérieure à la médiane (12.0pt vs médiane 4.3pt) détecté en haut de page (candidat: 'SMV 16-17') ; à confirmer par détection de cadre vectoriel (get_drawings, non exécutée ici)","n_spans=1287, image_area_ratio=0.00, n_outliers_top=11"
Ressources/PLU bioclimatique/Règlement/Documents graphiques/Atlas 2/B_08.pdf,planche graphique (carte/plan) avec encart texte,"PROBABLE — span de taille nettement supérieure à la médiane (12.0pt vs médiane 4.3pt) détecté en haut de page (candidat: 'SMV 16-26') ; à confirmer par détection de cadre vectoriel (get_drawings, non exécutée ici)","n_spans=2056, image_area_ratio=0.00, n_outliers_top=12"
Ressources/PLU bioclimatique/Règlement/Documents graphiques/Atlas 2/B_09.pdf,planche graphique (carte/plan) avec encart texte,"PROBABLE — span de taille nettement supérieure à la médiane (9.8pt vs médiane 4.3pt) détecté en haut de page (candidat: 'LS 60-30') ; à confirmer par détection de cadre vectoriel (get_drawings, non exécutée ici)","n_spans=1465, image_area_ratio=0.00, n_outliers_top=11"
Ressources/PLU bioclimatique/Règlement/Documents graphiques/Atlas 2/B_10.pdf,planche graphique (carte/plan) avec encart texte,"PROBABLE — span de taille nettement supérieure à la médiane (12.0pt vs médiane 4.3pt) détecté en haut de page (candidat: 'SMV 16-35') ; à confirmer par détection de cadre vectoriel (get_drawings, non exécutée ici)","n_spans=1015, image_area_ratio=0.00, n_outliers_top=12"
Ressources/PLU bioclimatique/Règlement/Documents graphiques/Atlas 2/B_11.pdf,"sommaire / table des matières (linéaire, dense)",OUI — méthode d'ancrage titre validée (études REG1/REG2 de cette session),n_spans=260
Ressources/PLU bioclimatique/Règlement/Documents graphiques/Atlas 2/C_03.pdf,planche graphique (carte/plan) avec encart texte,"PROBABLE — span de taille nettement supérieure à la médiane (21.8pt vs médiane 4.3pt) détecté en haut de page (candidat: 'Levallois-Perret') ; à confirmer par détection de cadre vectoriel (get_drawings, non exécutée ici)","n_spans=531, image_area_ratio=0.00, n_outliers_top=5"
Ressources/PLU bioclimatique/Règlement/Documents graphiques/Atlas 2/C_04.pdf,planche graphique (carte/plan) avec encart texte,"PROBABLE — span de taille nettement supérieure à la médiane (13.9pt vs médiane 4.3pt) détecté en haut de page (candidat: 'Ternes - Maillot') ; à confirmer par détection de cadre vectoriel (get_drawings, non exécutée ici)","n_spans=930, image_area_ratio=0.00, n_outliers_top=10"
Ressources/PLU bioclimatique/Règlement/Documents graphiques/Atlas 2/C_05.pdf,planche graphique (carte/plan) avec encart texte,"PROBABLE — span de taille nettement supérieure à la médiane (12.0pt vs médiane 4.3pt) détecté en haut de page (candidat: 'SMV 16-8') ; à confirmer par détection de cadre vectoriel (get_drawings, non exécutée ici)","n_spans=1465, image_area_ratio=0.00, n_outliers_top=11"
Ressources/PLU bioclimatique/Règlement/Documents graphiques/Atlas 2/C_06_A_251216.pdf,planche graphique (carte/plan) avec encart texte,"PROBABLE — span de taille nettement supérieure à la médiane (12.0pt vs médiane 4.3pt) détecté en haut de page (candidat: 'SMV 16-9') ; à confirmer par détection de cadre vectoriel (get_drawings, non exécutée ici)","n_spans=1762, image_area_ratio=0.00, n_outliers_top=15"
Ressources/PLU bioclimatique/Règlement/Documents graphiques/Atlas 2/C_07.pdf,planche graphique (carte/plan) avec encart texte,"PROBABLE — span de taille nettement supérieure à la médiane (12.0pt vs médiane 4.3pt) détecté en haut de page (candidat: 'SMV 16-17') ; à confirmer par détection de cadre vectoriel (get_drawings, non exécutée ici)","n_spans=1816, image_area_ratio=0.00, n_outliers_top=13"
Ressources/PLU bioclimatique/Règlement/Documents graphiques/Atlas 2/C_08_A_251216.pdf,planche graphique (carte/plan) avec encart texte,"PROBABLE — span de taille nettement supérieure à la médiane (12.0pt vs médiane 4.3pt) détecté en haut de page (candidat: 'SMV 16-26') ; à confirmer par détection de cadre vectoriel (get_drawings, non exécutée ici)","n_spans=1289, image_area_ratio=0.00, n_outliers_top=10"
Ressources/PLU bioclimatique/Règlement/Documents graphiques/Atlas 2/C_09_A_251216.pdf,planche graphique (carte/plan) avec encart texte,"PROBABLE — span de taille nettement supérieure à la médiane (9.8pt vs médiane 4.3pt) détecté en haut de page (candidat: ' 54,5m ') ; à confirmer par détection de cadre vectoriel (get_drawings, non exécutée ici)","n_spans=1976, image_area_ratio=0.00, n_outliers_top=17"
Ressources/PLU bioclimatique/Règlement/Documents graphiques/Atlas 2/C_10.pdf,planche graphique (carte/plan) avec encart texte,"PROBABLE — span de taille nettement supérieure à la médiane (9.8pt vs médiane 4.3pt) détecté en haut de page (candidat: 'LS 100-100') ; à confirmer par détection de cadre vectoriel (get_drawings, non exécutée ici)","n_spans=1479, image_area_ratio=0.00, n_outliers_top=11"
Ressources/PLU bioclimatique/Règlement/Documents graphiques/Atlas 2/C_11.pdf,planche graphique (carte/plan) avec encart texte,"PROBABLE — span de taille nettement supérieure à la médiane (13.9pt vs médiane 4.3pt) détecté en haut de page (candidat: 'Petite Ceinture') ; à confirmer par détection de cadre vectoriel (get_drawings, non exécutée ici)","n_spans=462, image_area_ratio=0.00, n_outliers_top=11"
Ressources/PLU bioclimatique/Règlement/Documents graphiques/Atlas 2/Consultation_des_planches_au_1_sur_2000.pdf,linéaire (texte courant),"OUI — pas de contrainte de mise en page particulière, méthode gap-Y applicable","n_spans=91, max_size=11.0, median_size=11.0"
Ressources/PLU bioclimatique/Règlement/Documents graphiques/Atlas 2/D_02.pdf,planche graphique (carte/plan) avec encart texte,"PROBABLE — span de taille nettement supérieure à la médiane (21.8pt vs médiane 4.3pt) détecté en haut de page (candidat: 'Clichy') ; à confirmer par détection de cadre vectoriel (get_drawings, non exécutée ici)","n_spans=446, image_area_ratio=0.00, n_outliers_top=5"
Ressources/PLU bioclimatique/Règlement/Documents graphiques/Atlas 2/D_03_A_251216.pdf,planche graphique (carte/plan) avec encart texte,"PROBABLE — span de taille nettement supérieure à la médiane (13.9pt vs médiane 4.3pt) détecté en haut de page (candidat: 'Petite    Ceintu') ; à confirmer par détection de cadre vectoriel (get_drawings, non exécutée ici)","n_spans=1740, image_area_ratio=0.00, n_outliers_top=12"
Ressources/PLU bioclimatique/Règlement/Documents graphiques/Atlas 2/D_04.pdf,planche graphique (carte/plan) avec encart texte,"PROBABLE — span de taille nettement supérieure à la médiane (9.8pt vs médiane 4.3pt) détecté en haut de page (candidat: 'LS 100-100') ; à confirmer par détection de cadre vectoriel (get_drawings, non exécutée ici)","n_spans=1948, image_area_ratio=0.00, n_outliers_top=15"
Ressources/PLU bioclimatique/Règlement/Documents graphiques/Atlas 2/D_05_A_251216.pdf,planche graphique (carte/plan) avec encart texte,"PROBABLE — span de taille nettement supérieure à la médiane (9.8pt vs médiane 4.3pt) détecté en haut de page (candidat: 'LS 35-35') ; à confirmer par détection de cadre vectoriel (get_drawings, non exécutée ici)","n_spans=1551, image_area_ratio=0.00, n_outliers_top=14"
Ressources/PLU bioclimatique/Règlement/Documents graphiques/Atlas 2/D_06_A_251216.pdf,planche graphique (carte/plan) avec encart texte,"PROBABLE — span de taille nettement supérieure à la médiane (9.8pt vs médiane 4.3pt) détecté en haut de page (candidat: 'LS 100-100') ; à confirmer par détection de cadre vectoriel (get_drawings, non exécutée ici)","n_spans=1208, image_area_ratio=0.00, n_outliers_top=14"
Ressources/PLU bioclimatique/Règlement/Documents graphiques/Atlas 2/D_07.pdf,planche graphique (carte/plan) avec encart texte,"PROBABLE — span de taille nettement supérieure à la médiane (9.8pt vs médiane 4.3pt) détecté en haut de page (candidat: 'LS 100-100') ; à confirmer par détection de cadre vectoriel (get_drawings, non exécutée ici)","n_spans=877, image_area_ratio=0.00, n_outliers_top=8"
Ressources/PLU bioclimatique/Règlement/Documents graphiques/Atlas 2/D_08_A_251216.pdf,planche graphique (carte/plan) avec encart texte,"PROBABLE — span de taille nettement supérieure à la médiane (9.8pt vs médiane 4.3pt) détecté en haut de page (candidat: 'LS 30-30') ; à confirmer par détection de cadre vectoriel (get_drawings, non exécutée ici)","n_spans=1822, image_area_ratio=0.00, n_outliers_top=10"
Ressources/PLU bioclimatique/Règlement/Documents graphiques/Atlas 2/D_09_A_251216.pdf,planche graphique (carte/plan) avec encart texte,"PROBABLE — span de taille nettement supérieure à la médiane (7.9pt vs médiane 4.3pt) détecté en haut de page (candidat: 'R') ; à confirmer par détection de cadre vectoriel (get_drawings, non exécutée ici)","n_spans=1996, image_area_ratio=0.00, n_outliers_top=16"
Ressources/PLU bioclimatique/Règlement/Documents graphiques/Atlas 2/D_10_A_251216.pdf,planche graphique (carte/plan) avec encart texte,"PROBABLE — span de taille nettement supérieure à la médiane (9.8pt vs médiane 4.3pt) détecté en haut de page (candidat: 'LS 100-100') ; à confirmer par détection de cadre vectoriel (get_drawings, non exécutée ici)","n_spans=2158, image_area_ratio=0.00, n_outliers_top=14"
Ressources/PLU bioclimatique/Règlement/Documents graphiques/Atlas 2/D_11_A_251216.pdf,planche graphique (carte/plan) avec encart texte,"PROBABLE — span de taille nettement supérieure à la médiane (13.9pt vs médiane 4.3pt) détecté en haut de page (candidat: 'Petite Ceinture') ; à confirmer par détection de cadre vectoriel (get_drawings, non exécutée ici)","n_spans=1299, image_area_ratio=0.00, n_outliers_top=19"
Ressources/PLU bioclimatique/Règlement/Documents graphiques/Atlas 2/D_12.pdf,"sommaire / table des matières (linéaire, dense)",OUI — méthode d'ancrage titre validée (études REG1/REG2 de cette session),n_spans=272
Ressources/PLU bioclimatique/Règlement/Documents graphiques/Atlas 2/E_01.pdf,"sommaire / table des matières (linéaire, dense)",OUI — méthode d'ancrage titre validée (études REG1/REG2 de cette session),n_spans=279
Ressources/PLU bioclimatique/Règlement/Documents graphiques/Atlas 2/E_02.pdf,planche graphique (carte/plan) avec encart texte,"PROBABLE — span de taille nettement supérieure à la médiane (11.5pt vs médiane 4.3pt) détecté en haut de page (candidat: 'Ceinture') ; à confirmer par détection de cadre vectoriel (get_drawings, non exécutée ici)","n_spans=1279, image_area_ratio=0.00, n_outliers_top=12"
Ressources/PLU bioclimatique/Règlement/Documents graphiques/Atlas 2/E_03_A_251216.pdf,planche graphique (carte/plan) avec encart texte,"PROBABLE — span de taille nettement supérieure à la médiane (13.9pt vs médiane 4.3pt) détecté en haut de page (candidat: 'Clichy - Batignolles') ; à confirmer par détection de cadre vectoriel (get_drawings, non exécutée ici)","n_spans=2069, image_area_ratio=0.00, n_outliers_top=13"
Ressources/PLU bioclimatique/Règlement/Documents graphiques/Atlas 2/E_04.pdf,planche graphique (carte/plan) avec encart texte,"PROBABLE — span de taille nettement supérieure à la médiane (9.8pt vs médiane 4.3pt) détecté en haut de page (candidat: 'LS 100-100') ; à confirmer par détection de cadre vectoriel (get_drawings, non exécutée ici)","n_spans=1586, image_area_ratio=0.00, n_outliers_top=18"
Ressources/PLU bioclimatique/Règlement/Documents graphiques/Atlas 2/E_05_A_251216.pdf,planche graphique (carte/plan) avec encart texte,"PROBABLE — span de taille nettement supérieure à la médiane (12.0pt vs médiane 4.3pt) détecté en haut de page (candidat: 'SMV 8-3') ; à confirmer par détection de cadre vectoriel (get_drawings, non exécutée ici)","n_spans=1476, image_area_ratio=0.00, n_outliers_top=18"
Ressources/PLU bioclimatique/Règlement/Documents graphiques/Atlas 2/E_06_A_251216.pdf,planche graphique (carte/plan) avec encart texte,"PROBABLE — span de taille nettement supérieure à la médiane (9.8pt vs médiane 4.3pt) détecté en haut de page (candidat: 'LS 100-60') ; à confirmer par détection de cadre vectoriel (get_drawings, non exécutée ici)","n_spans=827, image_area_ratio=0.00, n_outliers_top=10"
Ressources/PLU bioclimatique/Règlement/Documents graphiques/Atlas 2/E_07.pdf,planche graphique (carte/plan) avec encart texte,"PROBABLE — span de taille nettement supérieure à la médiane (12.0pt vs médiane 4.3pt) détecté en haut de page (candidat: 'SMV 7-1') ; à confirmer par détection de cadre vectoriel (get_drawings, non exécutée ici)","n_spans=1559, image_area_ratio=0.00, n_outliers_top=13"
Ressources/PLU bioclimatique/Règlement/Documents graphiques/Atlas 2/E_08.pdf,planche graphique (carte/plan) avec encart texte,"PROBABLE — span de taille nettement supérieure à la médiane (9.8pt vs médiane 4.3pt) détecté en haut de page (candidat: 'LS 100-60') ; à confirmer par détection de cadre vectoriel (get_drawings, non exécutée ici)","n_spans=1001, image_area_ratio=0.00, n_outliers_top=7"
Ressources/PLU bioclimatique/Règlement/Documents graphiques/Atlas 2/E_09.pdf,planche graphique (carte/plan) avec encart texte,"PROBABLE — span de taille nettement supérieure à la médiane (9.8pt vs médiane 4.3pt) détecté en haut de page (candidat: 'LS 35-35') ; à confirmer par détection de cadre vectoriel (get_drawings, non exécutée ici)","n_spans=1693, image_area_ratio=0.00, n_outliers_top=8"
Ressources/PLU bioclimatique/Règlement/Documents graphiques/Atlas 2/E_10_A_251216.pdf,planche graphique (carte/plan) avec encart texte,"PROBABLE — span de taille nettement supérieure à la médiane (9.8pt vs médiane 4.3pt) détecté en haut de page (candidat: 'LS 30-30') ; à confirmer par détection de cadre vectoriel (get_drawings, non exécutée ici)","n_spans=1953, image_area_ratio=0.00, n_outliers_top=17"
Ressources/PLU bioclimatique/Règlement/Documents graphiques/Atlas 2/E_11_A_251216.pdf,planche graphique (carte/plan) avec encart texte,"PROBABLE — span de taille nettement supérieure à la médiane (12.0pt vs médiane 4.3pt) détecté en haut de page (candidat: 'SMV') ; à confirmer par détection de cadre vectoriel (get_drawings, non exécutée ici)","n_spans=2199, image_area_ratio=0.00, n_outliers_top=21"
Ressources/PLU bioclimatique/Règlement/Documents graphiques/Atlas 2/E_12.pdf,planche graphique (carte/plan) avec encart texte,"PROBABLE — span de taille nettement supérieure à la médiane (13.9pt vs médiane 4.3pt) détecté en haut de page (candidat: 'Didot -') ; à confirmer par détection de cadre vectoriel (get_drawings, non exécutée ici)","n_spans=865, image_area_ratio=0.00, n_outliers_top=21"
Ressources/PLU bioclimatique/Règlement/Documents graphiques/Atlas 2/F_01.pdf,planche graphique (carte/plan) avec encart texte,"PROBABLE — span de taille nettement supérieure à la médiane (13.9pt vs médiane 4.3pt) détecté en haut de page (candidat: 'Abords du boulevard Périphérique') ; à confirmer par détection de cadre vectoriel (get_drawings, non exécutée ici)","n_spans=1126, image_area_ratio=0.00, n_outliers_top=8"
Ressources/PLU bioclimatique/Règlement/Documents graphiques/Atlas 2/F_02.pdf,planche graphique (carte/plan) avec encart texte,"PROBABLE — span de taille nettement supérieure à la médiane (12.7pt vs médiane 4.3pt) détecté en haut de page (candidat: 'Petite    Cein') ; à confirmer par détection de cadre vectoriel (get_drawings, non exécutée ici)","n_spans=2580, image_area_ratio=0.00, n_outliers_top=18"
Ressources/PLU bioclimatique/Règlement/Documents graphiques/Atlas 2/F_03_A_251216.pdf,planche graphique (carte/plan) avec encart texte,"PROBABLE — span de taille nettement supérieure à la médiane (9.8pt vs médiane 4.3pt) détecté en haut de page (candidat: 'LS 100-100') ; à confirmer par détection de cadre vectoriel (get_drawings, non exécutée ici)","n_spans=2512, image_area_ratio=0.00, n_outliers_top=17"
Ressources/PLU bioclimatique/Règlement/Documents graphiques/Atlas 2/F_04_A_251216.pdf,planche graphique (carte/plan) avec encart texte,"PROBABLE — span de taille nettement supérieure à la médiane (9.8pt vs médiane 4.3pt) détecté en haut de page (candidat: 'LS 100-100') ; à confirmer par détection de cadre vectoriel (get_drawings, non exécutée ici)","n_spans=1834, image_area_ratio=0.00, n_outliers_top=15"
Ressources/PLU bioclimatique/Règlement/Documents graphiques/Atlas 2/F_05_A_251216.pdf,planche graphique (carte/plan) avec encart texte,"PROBABLE — span de taille nettement supérieure à la médiane (9.8pt vs médiane 4.3pt) détecté en haut de page (candidat: 'LS 100-60') ; à confirmer par détection de cadre vectoriel (get_drawings, non exécutée ici)","n_spans=1829, image_area_ratio=0.00, n_outliers_top=23"
Ressources/PLU bioclimatique/Règlement/Documents graphiques/Atlas 2/F_06.pdf,planche graphique (carte/plan) avec encart texte,"PROBABLE — span de taille nettement supérieure à la médiane (9.8pt vs médiane 4.3pt) détecté en haut de page (candidat: 'LS 100-100') ; à confirmer par détection de cadre vectoriel (get_drawings, non exécutée ici)","n_spans=709, image_area_ratio=0.00, n_outliers_top=11"
Ressources/PLU bioclimatique/Règlement/Documents graphiques/Atlas 2/F_07.pdf,planche graphique (carte/plan) avec encart texte,"PROBABLE — span de taille nettement supérieure à la médiane (9.8pt vs médiane 4.3pt) détecté en haut de page (candidat: 'LS 30%') ; à confirmer par détection de cadre vectoriel (get_drawings, non exécutée ici)","n_spans=1963, image_area_ratio=0.00, n_outliers_top=8"
Ressources/PLU bioclimatique/Règlement/Documents graphiques/Atlas 2/F_08.pdf,planche graphique (carte/plan) avec encart texte,"PROBABLE — span de taille nettement supérieure à la médiane (9.8pt vs médiane 4.3pt) détecté en haut de page (candidat: 'LS 50%') ; à confirmer par détection de cadre vectoriel (get_drawings, non exécutée ici)","n_spans=2149, image_area_ratio=0.00, n_outliers_top=9"
Ressources/PLU bioclimatique/Règlement/Documents graphiques/Atlas 2/F_09_A_251216.pdf,planche graphique (carte/plan) avec encart texte,"PROBABLE — span de taille nettement supérieure à la médiane (9.8pt vs médiane 4.3pt) détecté en haut de page (candidat: 'LS 100-100') ; à confirmer par détection de cadre vectoriel (get_drawings, non exécutée ici)","n_spans=1744, image_area_ratio=0.00, n_outliers_top=20"
Ressources/PLU bioclimatique/Règlement/Documents graphiques/Atlas 2/F_10.pdf,planche graphique (carte/plan) avec encart texte,"PROBABLE — span de taille nettement supérieure à la médiane (9.8pt vs médiane 4.3pt) détecté en haut de page (candidat: 'LS 100-100') ; à confirmer par détection de cadre vectoriel (get_drawings, non exécutée ici)","n_spans=1890, image_area_ratio=0.00, n_outliers_top=17"
Ressources/PLU bioclimatique/Règlement/Documents graphiques/Atlas 2/F_11.pdf,planche graphique (carte/plan) avec encart texte,"PROBABLE — span de taille nettement supérieure à la médiane (12.0pt vs médiane 4.3pt) détecté en haut de page (candidat: 'SMV 14-21') ; à confirmer par détection de cadre vectoriel (get_drawings, non exécutée ici)","n_spans=2740, image_area_ratio=0.00, n_outliers_top=17"
Ressources/PLU bioclimatique/Règlement/Documents graphiques/Atlas 2/F_12.pdf,planche graphique (carte/plan) avec encart texte,"PROBABLE — span de taille nettement supérieure à la médiane (12.0pt vs médiane 4.3pt) détecté en haut de page (candidat: 'SMV 14-12') ; à confirmer par détection de cadre vectoriel (get_drawings, non exécutée ici)","n_spans=1621, image_area_ratio=0.00, n_outliers_top=22"
Ressources/PLU bioclimatique/Règlement/Documents graphiques/Atlas 2/F_13.pdf,"sommaire / table des matières (linéaire, dense)",OUI — méthode d'ancrage titre validée (études REG1/REG2 de cette session),n_spans=209
Ressources/PLU bioclimatique/Règlement/Documents graphiques/Atlas 2/G_01.pdf,planche graphique (carte/plan) avec encart texte,"PROBABLE — span de taille nettement supérieure à la médiane (12.0pt vs médiane 4.3pt) détecté en haut de page (candidat: 'P 18-45') ; à confirmer par détection de cadre vectoriel (get_drawings, non exécutée ici)","n_spans=1513, image_area_ratio=0.00, n_outliers_top=10"
Ressources/PLU bioclimatique/Règlement/Documents graphiques/Atlas 2/G_02.pdf,planche graphique (carte/plan) avec encart texte,"PROBABLE — span de taille nettement supérieure à la médiane (12.7pt vs médiane 4.3pt) détecté en haut de page (candidat: 'Petite    Ceinture') ; à confirmer par détection de cadre vectoriel (get_drawings, non exécutée ici)","n_spans=2386, image_area_ratio=0.00, n_outliers_top=17"
Ressources/PLU bioclimatique/Règlement/Documents graphiques/Atlas 2/G_03.pdf,planche graphique (carte/plan) avec encart texte,"PROBABLE — span de taille nettement supérieure à la médiane (9.8pt vs médiane 4.3pt) détecté en haut de page (candidat: 'LS 100-100') ; à confirmer par détection de cadre vectoriel (get_drawings, non exécutée ici)","n_spans=2652, image_area_ratio=0.00, n_outliers_top=10"
Ressources/PLU bioclimatique/Règlement/Documents graphiques/Atlas 2/G_04.pdf,planche graphique (carte/plan) avec encart texte,"PROBABLE — span de taille nettement supérieure à la médiane (12.0pt vs médiane 4.3pt) détecté en haut de page (candidat: 'SMV 9-3') ; à confirmer par détection de cadre vectoriel (get_drawings, non exécutée ici)","n_spans=2303, image_area_ratio=0.00, n_outliers_top=16"
Ressources/PLU bioclimatique/Règlement/Documents graphiques/Atlas 2/G_05.pdf,planche graphique (carte/plan) avec encart texte,"PROBABLE — span de taille nettement supérieure à la médiane (9.8pt vs médiane 4.3pt) détecté en haut de page (candidat: 'LS 100-100') ; à confirmer par détection de cadre vectoriel (get_drawings, non exécutée ici)","n_spans=2257, image_area_ratio=0.00, n_outliers_top=20"
Ressources/PLU bioclimatique/Règlement/Documents graphiques/Atlas 2/G_06_A_251216.pdf,planche graphique (carte/plan) avec encart texte,"PROBABLE — span de taille nettement supérieure à la médiane (9.8pt vs médiane 4.3pt) détecté en haut de page (candidat: 'LS 60-60') ; à confirmer par détection de cadre vectoriel (get_drawings, non exécutée ici)","n_spans=2388, image_area_ratio=0.00, n_outliers_top=19"
Ressources/PLU bioclimatique/Règlement/Documents graphiques/Atlas 2/G_07.pdf,planche graphique (carte/plan) avec encart texte,"PROBABLE — span de taille nettement supérieure à la médiane (12.0pt vs médiane 4.3pt) détecté en haut de page (candidat: 'P 1-3') ; à confirmer par détection de cadre vectoriel (get_drawings, non exécutée ici)","n_spans=1511, image_area_ratio=0.00, n_outliers_top=7"
Ressources/PLU bioclimatique/Règlement/Documents graphiques/Atlas 2/G_08.pdf,planche graphique (carte/plan) avec encart texte,"PROBABLE — span de taille nettement supérieure à la médiane (9.8pt vs médiane 4.3pt) détecté en haut de page (candidat: 'LS 100-100') ; à confirmer par détection de cadre vectoriel (get_drawings, non exécutée ici)","n_spans=2560, image_area_ratio=0.00, n_outliers_top=15"
Ressources/PLU bioclimatique/Règlement/Documents graphiques/Atlas 2/G_09.pdf,planche graphique (carte/plan) avec encart texte,"PROBABLE — span de taille nettement supérieure à la médiane (9.8pt vs médiane 4.3pt) détecté en haut de page (candidat: 'LS 100-100') ; à confirmer par détection de cadre vectoriel (get_drawings, non exécutée ici)","n_spans=1417, image_area_ratio=0.00, n_outliers_top=13"
Ressources/PLU bioclimatique/Règlement/Documents graphiques/Atlas 2/G_10_A_251216.pdf,planche graphique (carte/plan) avec encart texte,"PROBABLE — span de taille nettement supérieure à la médiane (9.8pt vs médiane 4.3pt) détecté en haut de page (candidat: 'LS 100-100') ; à confirmer par détection de cadre vectoriel (get_drawings, non exécutée ici)","n_spans=1254, image_area_ratio=0.00, n_outliers_top=13"
Ressources/PLU bioclimatique/Règlement/Documents graphiques/Atlas 2/G_11.pdf,planche graphique (carte/plan) avec encart texte,"PROBABLE — span de taille nettement supérieure à la médiane (12.0pt vs médiane 4.3pt) détecté en haut de page (candidat: 'SMV 13-8') ; à confirmer par détection de cadre vectoriel (get_drawings, non exécutée ici)","n_spans=1655, image_area_ratio=0.00, n_outliers_top=13"
Ressources/PLU bioclimatique/Règlement/Documents graphiques/Atlas 2/G_12_A_251216.pdf,planche graphique (carte/plan) avec encart texte,"PROBABLE — span de taille nettement supérieure à la médiane (12.0pt vs médiane 4.3pt) détecté en haut de page (candidat: 'SMV 14-16') ; à confirmer par détection de cadre vectoriel (get_drawings, non exécutée ici)","n_spans=1609, image_area_ratio=0.00, n_outliers_top=12"
Ressources/PLU bioclimatique/Règlement/Documents graphiques/Atlas 2/G_13_A_251216.pdf,planche graphique (carte/plan) avec encart texte,"PROBABLE — span de taille nettement supérieure à la médiane (12.0pt vs médiane 4.3pt) détecté en haut de page (candidat: 'SMV 14-17') ; à confirmer par détection de cadre vectoriel (get_drawings, non exécutée ici)","n_spans=446, image_area_ratio=0.00, n_outliers_top=21"
Ressources/PLU bioclimatique/Règlement/Documents graphiques/Atlas 2/H_01.pdf,planche graphique (carte/plan) avec encart texte,"PROBABLE — span de taille nettement supérieure à la médiane (12.0pt vs médiane 4.3pt) détecté en haut de page (candidat: 'P 18-45') ; à confirmer par détection de cadre vectoriel (get_drawings, non exécutée ici)","n_spans=877, image_area_ratio=0.00, n_outliers_top=10"
Ressources/PLU bioclimatique/Règlement/Documents graphiques/Atlas 2/H_02.pdf,planche graphique (carte/plan) avec encart texte,"PROBABLE — span de taille nettement supérieure à la médiane (12.0pt vs médiane 4.3pt) détecté en haut de page (candidat: 'S 18-1') ; à confirmer par détection de cadre vectoriel (get_drawings, non exécutée ici)","n_spans=2232, image_area_ratio=0.00, n_outliers_top=20"
Ressources/PLU bioclimatique/Règlement/Documents graphiques/Atlas 2/H_03.pdf,planche graphique (carte/plan) avec encart texte,"PROBABLE — span de taille nettement supérieure à la médiane (9.8pt vs médiane 4.3pt) détecté en haut de page (candidat: 'LS 100-100') ; à confirmer par détection de cadre vectoriel (get_drawings, non exécutée ici)","n_spans=2325, image_area_ratio=0.00, n_outliers_top=19"
Ressources/PLU bioclimatique/Règlement/Documents graphiques/Atlas 2/H_04.pdf,planche graphique (carte/plan) avec encart texte,"PROBABLE — span de taille nettement supérieure à la médiane (7.9pt vs médiane 4.3pt) détecté en haut de page (candidat: '9-03') ; à confirmer par détection de cadre vectoriel (get_drawings, non exécutée ici)","n_spans=1917, image_area_ratio=0.00, n_outliers_top=13"
Ressources/PLU bioclimatique/Règlement/Documents graphiques/Atlas 2/H_05.pdf,planche graphique (carte/plan) avec encart texte,"PROBABLE — span de taille nettement supérieure à la médiane (9.8pt vs médiane 4.3pt) détecté en haut de page (candidat: 'LS 100-100') ; à confirmer par détection de cadre vectoriel (get_drawings, non exécutée ici)","n_spans=2438, image_area_ratio=0.00, n_outliers_top=19"
Ressources/PLU bioclimatique/Règlement/Documents graphiques/Atlas 2/H_06.pdf,planche graphique (carte/plan) avec encart texte,"PROBABLE — span de taille nettement supérieure à la médiane (9.8pt vs médiane 4.3pt) détecté en haut de page (candidat: 'LS 100-100') ; à confirmer par détection de cadre vectoriel (get_drawings, non exécutée ici)","n_spans=3163, image_area_ratio=0.00, n_outliers_top=16"
Ressources/PLU bioclimatique/Règlement/Documents graphiques/Atlas 2/H_07.pdf,planche graphique (carte/plan) avec encart texte,"PROBABLE — span de taille nettement supérieure à la médiane (13.9pt vs médiane 4.3pt) détecté en haut de page (candidat: 'Les Halles') ; à confirmer par détection de cadre vectoriel (get_drawings, non exécutée ici)","n_spans=2630, image_area_ratio=0.00, n_outliers_top=11"
Ressources/PLU bioclimatique/Règlement/Documents graphiques/Atlas 2/H_08_A_251216.pdf,planche graphique (carte/plan) avec encart texte,"PROBABLE — span de taille nettement supérieure à la médiane (13.9pt vs médiane 4.3pt) détecté en haut de page (candidat: 'Hôtel-Dieu') ; à confirmer par détection de cadre vectoriel (get_drawings, non exécutée ici)","n_spans=2122, image_area_ratio=0.00, n_outliers_top=15"
Ressources/PLU bioclimatique/Règlement/Documents graphiques/Atlas 2/H_09.pdf,planche graphique (carte/plan) avec encart texte,"PROBABLE — span de taille nettement supérieure à la médiane (9.8pt vs médiane 4.3pt) détecté en haut de page (candidat: 'LS 100-100') ; à confirmer par détection de cadre vectoriel (get_drawings, non exécutée ici)","n_spans=1945, image_area_ratio=0.00, n_outliers_top=9"
Ressources/PLU bioclimatique/Règlement/Documents graphiques/Atlas 2/H_10_A_251216.pdf,planche graphique (carte/plan) avec encart texte,"PROBABLE — span de taille nettement supérieure à la médiane (13.9pt vs médiane 4.3pt) détecté en haut de page (candidat: 'ESPCI Pierre Brossolette') ; à confirmer par détection de cadre vectoriel (get_drawings, non exécutée ici)","n_spans=1923, image_area_ratio=0.00, n_outliers_top=22"
Ressources/PLU bioclimatique/Règlement/Documents graphiques/Atlas 2/H_11.pdf,planche graphique (carte/plan) avec encart texte,"PROBABLE — span de taille nettement supérieure à la médiane (12.0pt vs médiane 4.3pt) détecté en haut de page (candidat: 'SMV 13-8') ; à confirmer par détection de cadre vectoriel (get_drawings, non exécutée ici)","n_spans=1704, image_area_ratio=0.00, n_outliers_top=19"
Ressources/PLU bioclimatique/Règlement/Documents graphiques/Atlas 2/H_12_A_251216.pdf,planche graphique (carte/plan) avec encart texte,"PROBABLE — span de taille nettement supérieure à la médiane (12.0pt vs médiane 4.3pt) détecté en haut de page (candidat: 'SMV 13-2') ; à confirmer par détection de cadre vectoriel (get_drawings, non exécutée ici)","n_spans=2618, image_area_ratio=0.00, n_outliers_top=21"
Ressources/PLU bioclimatique/Règlement/Documents graphiques/Atlas 2/H_13.pdf,planche graphique (carte/plan) avec encart texte,"PROBABLE — span de taille nettement supérieure à la médiane (13.9pt vs médiane 4.3pt) détecté en haut de page (candidat: 'Ceinture') ; à confirmer par détection de cadre vectoriel (get_drawings, non exécutée ici)","n_spans=790, image_area_ratio=0.00, n_outliers_top=10"
Ressources/PLU bioclimatique/Règlement/Documents graphiques/Atlas 2/I_01.pdf,planche graphique (carte/plan) avec encart texte,"PROBABLE — span de taille nettement supérieure à la médiane (9.8pt vs médiane 4.3pt) détecté en haut de page (candidat: '50m') ; à confirmer par détection de cadre vectoriel (get_drawings, non exécutée ici)","n_spans=658, image_area_ratio=0.00, n_outliers_top=13"
Ressources/PLU bioclimatique/Règlement/Documents graphiques/Atlas 2/I_02.pdf,planche graphique (carte/plan) avec encart texte,"PROBABLE — span de taille nettement supérieure à la médiane (13.9pt vs médiane 4.3pt) détecté en haut de page (candidat: 'Paris Nord - Est') ; à confirmer par détection de cadre vectoriel (get_drawings, non exécutée ici)","n_spans=1301, image_area_ratio=0.00, n_outliers_top=17"
Ressources/PLU bioclimatique/Règlement/Documents graphiques/Atlas 2/I_03.pdf,planche graphique (carte/plan) avec encart texte,"PROBABLE — span de taille nettement supérieure à la médiane (9.8pt vs médiane 4.3pt) détecté en haut de page (candidat: 'BRS 100-100') ; à confirmer par détection de cadre vectoriel (get_drawings, non exécutée ici)","n_spans=1476, image_area_ratio=0.00, n_outliers_top=11"
Ressources/PLU bioclimatique/Règlement/Documents graphiques/Atlas 2/I_04_A_251216.pdf,planche graphique (carte/plan) avec encart texte,"PROBABLE — span de taille nettement supérieure à la médiane (12.0pt vs médiane 4.3pt) détecté en haut de page (candidat: 'N 10-51') ; à confirmer par détection de cadre vectoriel (get_drawings, non exécutée ici)","n_spans=1471, image_area_ratio=0.00, n_outliers_top=19"
Ressources/PLU bioclimatique/Règlement/Documents graphiques/Atlas 2/I_05.pdf,planche graphique (carte/plan) avec encart texte,"PROBABLE — span de taille nettement supérieure à la médiane (12.0pt vs médiane 4.3pt) détecté en haut de page (candidat: 'A 10-2') ; à confirmer par détection de cadre vectoriel (get_drawings, non exécutée ici)","n_spans=1820, image_area_ratio=0.00, n_outliers_top=13"
Ressources/PLU bioclimatique/Règlement/Documents graphiques/Atlas 2/I_06.pdf,planche graphique (carte/plan) avec encart texte,"PROBABLE — span de taille nettement supérieure à la médiane (7.9pt vs médiane 4.3pt) détecté en haut de page (candidat: '11-03') ; à confirmer par détection de cadre vectoriel (get_drawings, non exécutée ici)","n_spans=2229, image_area_ratio=0.00, n_outliers_top=8"
Ressources/PLU bioclimatique/Règlement/Documents graphiques/Atlas 2/I_07.pdf,planche graphique (carte/plan) avec encart texte,"PROBABLE — span de taille nettement supérieure à la médiane (9.8pt vs médiane 4.3pt) détecté en haut de page (candidat: 'LS 100-100') ; à confirmer par détection de cadre vectoriel (get_drawings, non exécutée ici)","n_spans=2643, image_area_ratio=0.00, n_outliers_top=11"
Ressources/PLU bioclimatique/Règlement/Documents graphiques/Atlas 2/I_08.pdf,planche graphique (carte/plan) avec encart texte,"PROBABLE — span de taille nettement supérieure à la médiane (13.9pt vs médiane 4.3pt) détecté en haut de page (candidat: 'Feuille I-08') ; à confirmer par détection de cadre vectoriel (get_drawings, non exécutée ici)","n_spans=1844, image_area_ratio=0.00, n_outliers_top=6"
Ressources/PLU bioclimatique/Règlement/Documents graphiques/Atlas 2/I_09.pdf,planche graphique (carte/plan) avec encart texte,"PROBABLE — span de taille nettement supérieure à la médiane (12.0pt vs médiane 4.3pt) détecté en haut de page (candidat: 'SMV 12-6') ; à confirmer par détection de cadre vectoriel (get_drawings, non exécutée ici)","n_spans=615, image_area_ratio=0.00, n_outliers_top=12"
Ressources/PLU bioclimatique/Règlement/Documents graphiques/Atlas 2/I_10.pdf,planche graphique (carte/plan) avec encart texte,"PROBABLE — span de taille nettement supérieure à la médiane (13.9pt vs médiane 4.3pt) détecté en haut de page (candidat: 'PARIS') ; à confirmer par détection de cadre vectoriel (get_drawings, non exécutée ici)","n_spans=1005, image_area_ratio=0.00, n_outliers_top=22"
Ressources/PLU bioclimatique/Règlement/Documents graphiques/Atlas 2/I_11.pdf,planche graphique (carte/plan) avec encart texte,"PROBABLE — span de taille nettement supérieure à la médiane (13.9pt vs médiane 4.3pt) détecté en haut de page (candidat: 'PARIS') ; à confirmer par détection de cadre vectoriel (get_drawings, non exécutée ici)","n_spans=1889, image_area_ratio=0.00, n_outliers_top=12"
Ressources/PLU bioclimatique/Règlement/Documents graphiques/Atlas 2/I_12.pdf,planche graphique (carte/plan) avec encart texte,"PROBABLE — span de taille nettement supérieure à la médiane (9.8pt vs médiane 4.3pt) détecté en haut de page (candidat: 'BRS 100-1') ; à confirmer par détection de cadre vectoriel (get_drawings, non exécutée ici)","n_spans=1917, image_area_ratio=0.00, n_outliers_top=18"
Ressources/PLU bioclimatique/Règlement/Documents graphiques/Atlas 2/I_13.pdf,planche graphique (carte/plan) avec encart texte,"PROBABLE — span de taille nettement supérieure à la médiane (13.9pt vs médiane 4.3pt) détecté en haut de page (candidat: 'Petite') ; à confirmer par détection de cadre vectoriel (get_drawings, non exécutée ici)","n_spans=872, image_area_ratio=0.00, n_outliers_top=17"
Ressources/PLU bioclimatique/Règlement/Documents graphiques/Atlas 2/J_01.pdf,planche graphique (carte/plan) avec encart texte,"PROBABLE — span de taille nettement supérieure à la médiane (9.8pt vs médiane 4.3pt) détecté en haut de page (candidat: '50m') ; à confirmer par détection de cadre vectoriel (get_drawings, non exécutée ici)","n_spans=803, image_area_ratio=0.00, n_outliers_top=15"
Ressources/PLU bioclimatique/Règlement/Documents graphiques/Atlas 2/J_02.pdf,planche graphique (carte/plan) avec encart texte,"PROBABLE — span de taille nettement supérieure à la médiane (13.9pt vs médiane 4.3pt) détecté en haut de page (candidat: 'Petite Ceinture') ; à confirmer par détection de cadre vectoriel (get_drawings, non exécutée ici)","n_spans=1565, image_area_ratio=0.00, n_outliers_top=11"
Ressources/PLU bioclimatique/Règlement/Documents graphiques/Atlas 2/J_03.pdf,planche graphique (carte/plan) avec encart texte,"PROBABLE — span de taille nettement supérieure à la médiane (9.8pt vs médiane 4.3pt) détecté en haut de page (candidat: 'BRS 100-60') ; à confirmer par détection de cadre vectoriel (get_drawings, non exécutée ici)","n_spans=1751, image_area_ratio=0.00, n_outliers_top=9"
Ressources/PLU bioclimatique/Règlement/Documents graphiques/Atlas 2/J_04.pdf,planche graphique (carte/plan) avec encart texte,"PROBABLE — span de taille nettement supérieure à la médiane (9.8pt vs médiane 4.3pt) détecté en haut de page (candidat: 'BRS 30-30') ; à confirmer par détection de cadre vectoriel (get_drawings, non exécutée ici)","n_spans=1585, image_area_ratio=0.00, n_outliers_top=17"
Ressources/PLU bioclimatique/Règlement/Documents graphiques/Atlas 2/J_05.pdf,planche graphique (carte/plan) avec encart texte,"PROBABLE — span de taille nettement supérieure à la médiane (12.0pt vs médiane 4.3pt) détecté en haut de page (candidat: 'SMV 10-1') ; à confirmer par détection de cadre vectoriel (get_drawings, non exécutée ici)","n_spans=2432, image_area_ratio=0.00, n_outliers_top=13"
Ressources/PLU bioclimatique/Règlement/Documents graphiques/Atlas 2/J_06_A_251216.pdf,planche graphique (carte/plan) avec encart texte,"PROBABLE — span de taille nettement supérieure à la médiane (9.8pt vs médiane 4.3pt) détecté en haut de page (candidat: 'LS 100-100') ; à confirmer par détection de cadre vectoriel (get_drawings, non exécutée ici)","n_spans=2043, image_area_ratio=0.00, n_outliers_top=12"
Ressources/PLU bioclimatique/Règlement/Documents graphiques/Atlas 2/J_07.pdf,planche graphique (carte/plan) avec encart texte,"PROBABLE — span de taille nettement supérieure à la médiane (9.8pt vs médiane 4.3pt) détecté en haut de page (candidat: 'LS 100-100') ; à confirmer par détection de cadre vectoriel (get_drawings, non exécutée ici)","n_spans=2134, image_area_ratio=0.00, n_outliers_top=12"
Ressources/PLU bioclimatique/Règlement/Documents graphiques/Atlas 2/J_08.pdf,planche graphique (carte/plan) avec encart texte,"PROBABLE — span de taille nettement supérieure à la médiane (9.8pt vs médiane 4.3pt) détecté en haut de page (candidat: 'LS 100-100') ; à confirmer par détection de cadre vectoriel (get_drawings, non exécutée ici)","n_spans=2291, image_area_ratio=0.00, n_outliers_top=10"
Ressources/PLU bioclimatique/Règlement/Documents graphiques/Atlas 2/J_09.pdf,planche graphique (carte/plan) avec encart texte,"PROBABLE — span de taille nettement supérieure à la médiane (12.0pt vs médiane 4.3pt) détecté en haut de page (candidat: 'SMV 12-6') ; à confirmer par détection de cadre vectoriel (get_drawings, non exécutée ici)","n_spans=1625, image_area_ratio=0.00, n_outliers_top=13"
Ressources/PLU bioclimatique/Règlement/Documents graphiques/Atlas 2/J_10.pdf,planche graphique (carte/plan) avec encart texte,"PROBABLE — span de taille nettement supérieure à la médiane (13.9pt vs médiane 4.3pt) détecté en haut de page (candidat: 'Gare de Lyon') ; à confirmer par détection de cadre vectoriel (get_drawings, non exécutée ici)","n_spans=965, image_area_ratio=0.00, n_outliers_top=19"
Ressources/PLU bioclimatique/Règlement/Documents graphiques/Atlas 2/J_11.pdf,planche graphique (carte/plan) avec encart texte,"PROBABLE — span de taille nettement supérieure à la médiane (13.9pt vs médiane 4.3pt) détecté en haut de page (candidat: 'PARIS') ; à confirmer par détection de cadre vectoriel (get_drawings, non exécutée ici)","n_spans=1722, image_area_ratio=0.00, n_outliers_top=16"
Ressources/PLU bioclimatique/Règlement/Documents graphiques/Atlas 2/J_12.pdf,planche graphique (carte/plan) avec encart texte,"PROBABLE — span de taille nettement supérieure à la médiane (13.9pt vs médiane 4.3pt) détecté en haut de page (candidat: 'Masséna') ; à confirmer par détection de cadre vectoriel (get_drawings, non exécutée ici)","n_spans=1775, image_area_ratio=0.00, n_outliers_top=25"
Ressources/PLU bioclimatique/Règlement/Documents graphiques/Atlas 2/J_13.pdf,"sommaire / table des matières (linéaire, dense)",OUI — méthode d'ancrage titre validée (études REG1/REG2 de cette session),n_spans=279
Ressources/PLU bioclimatique/Règlement/Documents graphiques/Atlas 2/K_01.pdf,"sommaire / table des matières (linéaire, dense)",OUI — méthode d'ancrage titre validée (études REG1/REG2 de cette session),n_spans=383
Ressources/PLU bioclimatique/Règlement/Documents graphiques/Atlas 2/K_02.pdf,planche graphique (carte/plan) avec encart texte,"PROBABLE — span de taille nettement supérieure à la médiane (13.9pt vs médiane 4.3pt) détecté en haut de page (candidat: 'Abords du boulevard Périphérique') ; à confirmer par détection de cadre vectoriel (get_drawings, non exécutée ici)","n_spans=519, image_area_ratio=0.00, n_outliers_top=12"
Ressources/PLU bioclimatique/Règlement/Documents graphiques/Atlas 2/K_03.pdf,planche graphique (carte/plan) avec encart texte,"PROBABLE — span de taille nettement supérieure à la médiane (13.9pt vs médiane 4.3pt) détecté en haut de page (candidat: 'etite') ; à confirmer par détection de cadre vectoriel (get_drawings, non exécutée ici)","n_spans=1669, image_area_ratio=0.00, n_outliers_top=15"
Ressources/PLU bioclimatique/Règlement/Documents graphiques/Atlas 2/K_04.pdf,planche graphique (carte/plan) avec encart texte,"PROBABLE — span de taille nettement supérieure à la médiane (12.0pt vs médiane 4.3pt) détecté en haut de page (candidat: 'SMV 19-2') ; à confirmer par détection de cadre vectoriel (get_drawings, non exécutée ici)","n_spans=2371, image_area_ratio=0.00, n_outliers_top=13"
Ressources/PLU bioclimatique/Règlement/Documents graphiques/Atlas 2/K_05_A_251216.pdf,planche graphique (carte/plan) avec encart texte,"PROBABLE — span de taille nettement supérieure à la médiane (12.0pt vs médiane 4.3pt) détecté en haut de page (candidat: 'SMV 20-2') ; à confirmer par détection de cadre vectoriel (get_drawings, non exécutée ici)","n_spans=2462, image_area_ratio=0.00, n_outliers_top=20"
Ressources/PLU bioclimatique/Règlement/Documents graphiques/Atlas 2/K_06_A_251216.pdf,planche graphique (carte/plan) avec encart texte,"PROBABLE — span de taille nettement supérieure à la médiane (13.9pt vs médiane 4.3pt) détecté en haut de page (candidat: 'einture') ; à confirmer par détection de cadre vectoriel (get_drawings, non exécutée ici)","n_spans=2344, image_area_ratio=0.00, n_outliers_top=16"
Ressources/PLU bioclimatique/Règlement/Documents graphiques/Atlas 2/K_07_A_251216.pdf,planche graphique (carte/plan) avec encart texte,"PROBABLE — span de taille nettement supérieure à la médiane (9.8pt vs médiane 4.3pt) détecté en haut de page (candidat: 'LS 100-100') ; à confirmer par détection de cadre vectoriel (get_drawings, non exécutée ici)","n_spans=1753, image_area_ratio=0.00, n_outliers_top=11"
Ressources/PLU bioclimatique/Règlement/Documents graphiques/Atlas 2/K_08.pdf,planche graphique (carte/plan) avec encart texte,"PROBABLE — span de taille nettement supérieure à la médiane (9.8pt vs médiane 4.3pt) détecté en haut de page (candidat: 'LS 100-100') ; à confirmer par détection de cadre vectoriel (get_drawings, non exécutée ici)","n_spans=2022, image_area_ratio=0.00, n_outliers_top=8"
Ressources/PLU bioclimatique/Règlement/Documents graphiques/Atlas 2/K_09_A_251216.pdf,planche graphique (carte/plan) avec encart texte,"PROBABLE — span de taille nettement supérieure à la médiane (9.8pt vs médiane 4.3pt) détecté en haut de page (candidat: 'LS 100-100') ; à confirmer par détection de cadre vectoriel (get_drawings, non exécutée ici)","n_spans=1656, image_area_ratio=0.00, n_outliers_top=17"
Ressources/PLU bioclimatique/Règlement/Documents graphiques/Atlas 2/K_10.pdf,planche graphique (carte/plan) avec encart texte,"PROBABLE — span de taille nettement supérieure à la médiane (13.9pt vs médiane 4.3pt) détecté en haut de page (candidat: 'Gare de Lyon') ; à confirmer par détection de cadre vectoriel (get_drawings, non exécutée ici)","n_spans=1630, image_area_ratio=0.00, n_outliers_top=24"
Ressources/PLU bioclimatique/Règlement/Documents graphiques/Atlas 2/K_11.pdf,planche graphique (carte/plan) avec encart texte,"PROBABLE — span de taille nettement supérieure à la médiane (9.8pt vs médiane 4.3pt) détecté en haut de page (candidat: 'BRS 100-100') ; à confirmer par détection de cadre vectoriel (get_drawings, non exécutée ici)","n_spans=1011, image_area_ratio=0.00, n_outliers_top=14"
Ressources/PLU bioclimatique/Règlement/Documents graphiques/Atlas 2/K_12.pdf,"sommaire / table des matières (linéaire, dense)",OUI — méthode d'ancrage titre validée (études REG1/REG2 de cette session),n_spans=277
Ressources/PLU bioclimatique/Règlement/Documents graphiques/Atlas 2/LEG2000.pdf,linéaire (texte courant),"OUI — pas de contrainte de mise en page particulière, méthode gap-Y applicable","n_spans=150, max_size=19.9, median_size=9.8"
Ressources/PLU bioclimatique/Règlement/Documents graphiques/Atlas 2/L_03.pdf,"sommaire / table des matières (linéaire, dense)",OUI — méthode d'ancrage titre validée (études REG1/REG2 de cette session),n_spans=348
Ressources/PLU bioclimatique/Règlement/Documents graphiques/Atlas 2/L_04.pdf,planche graphique (carte/plan) avec encart texte,"PROBABLE — span de taille nettement supérieure à la médiane (13.9pt vs médiane 4.3pt) détecté en haut de page (candidat: 'Abords du boulevard Périphérique') ; à confirmer par détection de cadre vectoriel (get_drawings, non exécutée ici)","n_spans=1179, image_area_ratio=0.00, n_outliers_top=11"
Ressources/PLU bioclimatique/Règlement/Documents graphiques/Atlas 2/L_05_A_251216.pdf,planche graphique (carte/plan) avec encart texte,"PROBABLE — span de taille nettement supérieure à la médiane (12.0pt vs médiane 4.3pt) détecté en haut de page (candidat: 'SMV 20-4') ; à confirmer par détection de cadre vectoriel (get_drawings, non exécutée ici)","n_spans=1747, image_area_ratio=0.00, n_outliers_top=13"
Ressources/PLU bioclimatique/Règlement/Documents graphiques/Atlas 2/L_06.pdf,planche graphique (carte/plan) avec encart texte,"PROBABLE — span de taille nettement supérieure à la médiane (12.0pt vs médiane 4.3pt) détecté en haut de page (candidat: 'SMV 20-6') ; à confirmer par détection de cadre vectoriel (get_drawings, non exécutée ici)","n_spans=2218, image_area_ratio=0.00, n_outliers_top=31"
Ressources/PLU bioclimatique/Règlement/Documents graphiques/Atlas 2/L_07.pdf,planche graphique (carte/plan) avec encart texte,"PROBABLE — span de taille nettement supérieure à la médiane (13.9pt vs médiane 4.3pt) détecté en haut de page (candidat: 'Davout') ; à confirmer par détection de cadre vectoriel (get_drawings, non exécutée ici)","n_spans=2293, image_area_ratio=0.00, n_outliers_top=26"
Ressources/PLU bioclimatique/Règlement/Documents graphiques/Atlas 2/L_08.pdf,planche graphique (carte/plan) avec encart texte,"PROBABLE — span de taille nettement supérieure à la médiane (12.0pt vs médiane 4.3pt) détecté en haut de page (candidat: 'SMV 20-18') ; à confirmer par détection de cadre vectoriel (get_drawings, non exécutée ici)","n_spans=2327, image_area_ratio=0.00, n_outliers_top=23"
Ressources/PLU bioclimatique/Règlement/Documents graphiques/Atlas 2/L_09_A_251216.pdf,planche graphique (carte/plan) avec encart texte,"PROBABLE — span de taille nettement supérieure à la médiane (13.9pt vs médiane 4.3pt) détecté en haut de page (candidat: 'Porte de') ; à confirmer par détection de cadre vectoriel (get_drawings, non exécutée ici)","n_spans=1588, image_area_ratio=0.00, n_outliers_top=20"
Ressources/PLU bioclimatique/Règlement/Documents graphiques/Atlas 2/L_10.pdf,planche graphique (carte/plan) avec encart texte,"PROBABLE — span de taille nettement supérieure à la médiane (12.0pt vs médiane 4.3pt) détecté en haut de page (candidat: 'SMV 12-5') ; à confirmer par détection de cadre vectoriel (get_drawings, non exécutée ici)","n_spans=1538, image_area_ratio=0.00, n_outliers_top=11"
Ressources/PLU bioclimatique/Règlement/Documents graphiques/Atlas 2/L_11.pdf,planche graphique (carte/plan) avec encart texte,"PROBABLE — span de taille nettement supérieure à la médiane (13.9pt vs médiane 4.3pt) détecté en haut de page (candidat: 'Petite Ceinture') ; à confirmer par détection de cadre vectoriel (get_drawings, non exécutée ici)","n_spans=500, image_area_ratio=0.00, n_outliers_top=20"
Ressources/PLU bioclimatique/Règlement/Documents graphiques/Atlas 2/M_05.pdf,"sommaire / table des matières (linéaire, dense)",OUI — méthode d'ancrage titre validée (études REG1/REG2 de cette session),n_spans=334
Ressources/PLU bioclimatique/Règlement/Documents graphiques/Atlas 2/M_06_A_251216.pdf,"sommaire / table des matières (linéaire, dense)",OUI — méthode d'ancrage titre validée (études REG1/REG2 de cette session),n_spans=322
Ressources/PLU bioclimatique/Règlement/Documents graphiques/Atlas 2/M_07_A_251216.pdf,"sommaire / table des matières (linéaire, dense)",OUI — méthode d'ancrage titre validée (études REG1/REG2 de cette session),n_spans=306
Ressources/PLU bioclimatique/Règlement/Documents graphiques/Atlas 2/M_08.pdf,planche graphique (carte/plan) avec encart texte,"PROBABLE — span de taille nettement supérieure à la médiane (13.9pt vs médiane 4.3pt) détecté en haut de page (candidat: 'Porte de Montreuil') ; à confirmer par détection de cadre vectoriel (get_drawings, non exécutée ici)","n_spans=510, image_area_ratio=0.00, n_outliers_top=13"
Ressources/PLU bioclimatique/Règlement/Documents graphiques/Atlas 2/M_09.pdf,planche graphique (carte/plan) avec encart texte,"PROBABLE — span de taille nettement supérieure à la médiane (13.9pt vs médiane 4.3pt) détecté en haut de page (candidat: 'Porte de') ; à confirmer par détection de cadre vectoriel (get_drawings, non exécutée ici)","n_spans=498, image_area_ratio=0.00, n_outliers_top=16"
Ressources/PLU bioclimatique/Règlement/Documents graphiques/Atlas 2/M_10.pdf,"sommaire / table des matières (linéaire, dense)",OUI — méthode d'ancrage titre validée (études REG1/REG2 de cette session),n_spans=214
Ressources/PLU bioclimatique/Règlement/Documents graphiques/Atlas 3/Secteur Montmartre/Consultation_des_planches_d_ilots_du_secteur_de_Montmartre.pdf,linéaire (texte courant),"OUI — pas de contrainte de mise en page particulière, méthode gap-Y applicable","n_spans=91, max_size=11.0, median_size=11.0"
Ressources/PLU bioclimatique/Règlement/Documents graphiques/Atlas 3/Secteur Montmartre/LEGMONT.pdf,aucun texte exploitable (image/scan pur),NON — pas de span texte sur la page,image_area_ratio=0.00
Ressources/PLU bioclimatique/Règlement/Documents graphiques/Atlas 3/Secteur Montmartre/M69105.pdf,aucun texte exploitable (image/scan pur),NON — pas de span texte sur la page,image_area_ratio=1.00
Ressources/PLU bioclimatique/Règlement/Documents graphiques/Atlas 3/Secteur Montmartre/M69106.pdf,aucun texte exploitable (image/scan pur),NON — pas de span texte sur la page,image_area_ratio=1.00
Ressources/PLU bioclimatique/Règlement/Documents graphiques/Atlas 3/Secteur Montmartre/M69107.pdf,aucun texte exploitable (image/scan pur),NON — pas de span texte sur la page,image_area_ratio=1.00
Ressources/PLU bioclimatique/Règlement/Documents graphiques/Atlas 3/Secteur Montmartre/M69108.pdf,aucun texte exploitable (image/scan pur),NON — pas de span texte sur la page,image_area_ratio=1.00
Ressources/PLU bioclimatique/Règlement/Documents graphiques/Atlas 3/Secteur Montmartre/M69109.pdf,aucun texte exploitable (image/scan pur),NON — pas de span texte sur la page,image_area_ratio=1.00
Ressources/PLU bioclimatique/Règlement/Documents graphiques/Atlas 3/Secteur Montmartre/M69110.pdf,aucun texte exploitable (image/scan pur),NON — pas de span texte sur la page,image_area_ratio=1.00
Ressources/PLU bioclimatique/Règlement/Documents graphiques/Atlas 3/Secteur Montmartre/M69111.pdf,aucun texte exploitable (image/scan pur),NON — pas de span texte sur la page,image_area_ratio=1.00
Ressources/PLU bioclimatique/Règlement/Documents graphiques/Atlas 3/Secteur Montmartre/M69112.pdf,aucun texte exploitable (image/scan pur),NON — pas de span texte sur la page,image_area_ratio=1.00
Ressources/PLU bioclimatique/Règlement/Documents graphiques/Atlas 3/Secteur Montmartre/M69113.pdf,aucun texte exploitable (image/scan pur),NON — pas de span texte sur la page,image_area_ratio=1.00
Ressources/PLU bioclimatique/Règlement/Documents graphiques/Atlas 3/Secteur Montmartre/M69114.pdf,aucun texte exploitable (image/scan pur),NON — pas de span texte sur la page,image_area_ratio=1.00
Ressources/PLU bioclimatique/Règlement/Documents graphiques/Atlas 3/Secteur Montmartre/M69115.pdf,aucun texte exploitable (image/scan pur),NON — pas de span texte sur la page,image_area_ratio=1.00
Ressources/PLU bioclimatique/Règlement/Documents graphiques/Atlas 3/Secteur Montmartre/M69116.pdf,aucun texte exploitable (image/scan pur),NON — pas de span texte sur la page,image_area_ratio=1.00
Ressources/PLU bioclimatique/Règlement/Documents graphiques/Atlas 3/Secteur Montmartre/M69117.pdf,aucun texte exploitable (image/scan pur),NON — pas de span texte sur la page,image_area_ratio=1.00
Ressources/PLU bioclimatique/Règlement/Documents graphiques/Atlas 3/Secteur Montmartre/M69118.pdf,aucun texte exploitable (image/scan pur),NON — pas de span texte sur la page,image_area_ratio=1.00
Ressources/PLU bioclimatique/Règlement/Documents graphiques/Atlas 3/Secteur Montmartre/M69119.pdf,aucun texte exploitable (image/scan pur),NON — pas de span texte sur la page,image_area_ratio=1.00
Ressources/PLU bioclimatique/Règlement/Documents graphiques/Atlas 3/Secteur Montmartre/M69120.pdf,aucun texte exploitable (image/scan pur),NON — pas de span texte sur la page,image_area_ratio=1.00
Ressources/PLU bioclimatique/Règlement/Documents graphiques/Atlas 3/Secteur Montmartre/M69121.pdf,aucun texte exploitable (image/scan pur),NON — pas de span texte sur la page,image_area_ratio=1.00
Ressources/PLU bioclimatique/Règlement/Documents graphiques/Atlas 3/Secteur Montmartre/M69122.pdf,aucun texte exploitable (image/scan pur),NON — pas de span texte sur la page,image_area_ratio=1.00
Ressources/PLU bioclimatique/Règlement/Documents graphiques/Atlas 3/Secteur Montmartre/M69123.pdf,aucun texte exploitable (image/scan pur),NON — pas de span texte sur la page,image_area_ratio=1.00
Ressources/PLU bioclimatique/Règlement/Documents graphiques/Atlas 3/Secteur Montmartre/M69124.pdf,aucun texte exploitable (image/scan pur),NON — pas de span texte sur la page,image_area_ratio=1.00
Ressources/PLU bioclimatique/Règlement/Documents graphiques/Atlas 3/Secteur Montmartre/M69125.pdf,aucun texte exploitable (image/scan pur),NON — pas de span texte sur la page,image_area_ratio=1.00
Ressources/PLU bioclimatique/Règlement/Documents graphiques/Atlas 3/Secteur Montmartre/M69126.pdf,aucun texte exploitable (image/scan pur),NON — pas de span texte sur la page,image_area_ratio=1.00
Ressources/PLU bioclimatique/Règlement/Documents graphiques/Atlas 3/Secteur Montmartre/M69127.pdf,aucun texte exploitable (image/scan pur),NON — pas de span texte sur la page,image_area_ratio=1.00
Ressources/PLU bioclimatique/Règlement/Documents graphiques/Atlas 3/Secteur Montmartre/M69128.pdf,aucun texte exploitable (image/scan pur),NON — pas de span texte sur la page,image_area_ratio=1.00
Ressources/PLU bioclimatique/Règlement/Documents graphiques/Atlas 3/Secteur Montmartre/M69129.pdf,aucun texte exploitable (image/scan pur),NON — pas de span texte sur la page,image_area_ratio=1.00
Ressources/PLU bioclimatique/Règlement/Documents graphiques/Atlas 3/Secteur Montmartre/M69130.pdf,aucun texte exploitable (image/scan pur),NON — pas de span texte sur la page,image_area_ratio=1.00
Ressources/PLU bioclimatique/Règlement/Documents graphiques/Atlas 3/Secteur Montmartre/M69131.pdf,aucun texte exploitable (image/scan pur),NON — pas de span texte sur la page,image_area_ratio=1.00
Ressources/PLU bioclimatique/Règlement/Documents graphiques/Atlas 3/Secteur Montmartre/M69132.pdf,aucun texte exploitable (image/scan pur),NON — pas de span texte sur la page,image_area_ratio=1.00
Ressources/PLU bioclimatique/Règlement/Documents graphiques/Atlas 3/Secteur Montmartre/M69133.pdf,aucun texte exploitable (image/scan pur),NON — pas de span texte sur la page,image_area_ratio=1.00
Ressources/PLU bioclimatique/Règlement/Documents graphiques/Atlas 3/Secteur Montmartre/M69134.pdf,aucun texte exploitable (image/scan pur),NON — pas de span texte sur la page,image_area_ratio=1.00
Ressources/PLU bioclimatique/Règlement/Documents graphiques/Atlas 3/Secteur Montmartre/M69137.pdf,aucun texte exploitable (image/scan pur),NON — pas de span texte sur la page,image_area_ratio=1.00
Ressources/PLU bioclimatique/Règlement/Documents graphiques/Atlas 3/Secteur Montmartre/M69138.pdf,aucun texte exploitable (image/scan pur),NON — pas de span texte sur la page,image_area_ratio=1.00
Ressources/PLU bioclimatique/Règlement/Documents graphiques/Atlas 3/Secteur Montmartre/M69139.pdf,aucun texte exploitable (image/scan pur),NON — pas de span texte sur la page,image_area_ratio=1.00
Ressources/PLU bioclimatique/Règlement/Documents graphiques/Atlas 3/Secteur Montmartre/M69140.pdf,aucun texte exploitable (image/scan pur),NON — pas de span texte sur la page,image_area_ratio=1.00
Ressources/PLU bioclimatique/Règlement/Documents graphiques/Atlas 3/Secteur Montmartre/M69173.pdf,aucun texte exploitable (image/scan pur),NON — pas de span texte sur la page,image_area_ratio=1.00
Ressources/PLU bioclimatique/Règlement/Documents graphiques/Atlas 3/Secteur Montmartre/M70001.pdf,aucun texte exploitable (image/scan pur),NON — pas de span texte sur la page,image_area_ratio=1.00
Ressources/PLU bioclimatique/Règlement/Documents graphiques/Atlas 3/Secteur Montmartre/M70002.pdf,aucun texte exploitable (image/scan pur),NON — pas de span texte sur la page,image_area_ratio=1.00
Ressources/PLU bioclimatique/Règlement/Documents graphiques/Atlas 3/Secteur Montmartre/M70003.pdf,aucun texte exploitable (image/scan pur),NON — pas de span texte sur la page,image_area_ratio=1.00
Ressources/PLU bioclimatique/Règlement/Documents graphiques/Atlas 3/Secteur Montmartre/M70004.pdf,aucun texte exploitable (image/scan pur),NON — pas de span texte sur la page,image_area_ratio=1.00
Ressources/PLU bioclimatique/Règlement/Documents graphiques/Atlas 3/Secteur Montmartre/M70005.pdf,aucun texte exploitable (image/scan pur),NON — pas de span texte sur la page,image_area_ratio=1.00
Ressources/PLU bioclimatique/Règlement/Documents graphiques/Atlas 3/Secteur Montmartre/M70006.pdf,aucun texte exploitable (image/scan pur),NON — pas de span texte sur la page,image_area_ratio=1.00
Ressources/PLU bioclimatique/Règlement/Documents graphiques/Atlas 3/Secteur Montmartre/M70007.pdf,aucun texte exploitable (image/scan pur),NON — pas de span texte sur la page,image_area_ratio=1.00
Ressources/PLU bioclimatique/Règlement/Documents graphiques/Atlas 3/Secteur Montmartre/M70008.pdf,aucun texte exploitable (image/scan pur),NON — pas de span texte sur la page,image_area_ratio=1.00
Ressources/PLU bioclimatique/Règlement/Documents graphiques/Atlas 3/Secteur Montmartre/M70009.pdf,aucun texte exploitable (image/scan pur),NON — pas de span texte sur la page,image_area_ratio=1.00
Ressources/PLU bioclimatique/Règlement/Documents graphiques/Atlas 3/Secteur Montmartre/M70010.pdf,aucun texte exploitable (image/scan pur),NON — pas de span texte sur la page,image_area_ratio=1.00
Ressources/PLU bioclimatique/Règlement/Documents graphiques/Atlas 3/Secteur Montmartre/M70011.pdf,aucun texte exploitable (image/scan pur),NON — pas de span texte sur la page,image_area_ratio=1.00
Ressources/PLU bioclimatique/Règlement/Documents graphiques/Atlas 3/Secteur Montmartre/M70012.pdf,aucun texte exploitable (image/scan pur),NON — pas de span texte sur la page,image_area_ratio=1.00
Ressources/PLU bioclimatique/Règlement/Documents graphiques/Atlas 3/Secteur Montmartre/M70013.pdf,aucun texte exploitable (image/scan pur),NON — pas de span texte sur la page,image_area_ratio=1.00
Ressources/PLU bioclimatique/Règlement/Documents graphiques/Atlas 3/Secteur Montmartre/M70014.pdf,aucun texte exploitable (image/scan pur),NON — pas de span texte sur la page,image_area_ratio=1.00
Ressources/PLU bioclimatique/Règlement/Documents graphiques/Atlas 3/Secteur Montmartre/M70015.pdf,aucun texte exploitable (image/scan pur),NON — pas de span texte sur la page,image_area_ratio=1.00
Ressources/PLU bioclimatique/Règlement/Documents graphiques/Atlas 3/Secteur Montmartre/M70016.pdf,aucun texte exploitable (image/scan pur),NON — pas de span texte sur la page,image_area_ratio=1.00
Ressources/PLU bioclimatique/Règlement/Documents graphiques/Atlas 3/Secteur Montmartre/M70017.pdf,aucun texte exploitable (image/scan pur),NON — pas de span texte sur la page,image_area_ratio=1.00
Ressources/PLU bioclimatique/Règlement/Documents graphiques/Atlas 3/Secteur Montmartre/M70018.pdf,aucun texte exploitable (image/scan pur),NON — pas de span texte sur la page,image_area_ratio=1.00
Ressources/PLU bioclimatique/Règlement/Documents graphiques/Atlas 3/Secteur Montmartre/M70019.pdf,aucun texte exploitable (image/scan pur),NON — pas de span texte sur la page,image_area_ratio=1.00
Ressources/PLU bioclimatique/Règlement/Documents graphiques/Atlas 3/Secteur Montmartre/M70020.pdf,aucun texte exploitable (image/scan pur),NON — pas de span texte sur la page,image_area_ratio=1.00
Ressources/PLU bioclimatique/Règlement/Documents graphiques/Atlas 3/Secteur Montmartre/M70021.pdf,aucun texte exploitable (image/scan pur),NON — pas de span texte sur la page,image_area_ratio=1.00
Ressources/PLU bioclimatique/Règlement/Documents graphiques/Atlas 3/Secteur Montmartre/M70022.pdf,aucun texte exploitable (image/scan pur),NON — pas de span texte sur la page,image_area_ratio=1.00
Ressources/PLU bioclimatique/Règlement/Documents graphiques/Atlas 3/Secteur Montmartre/M70023.pdf,aucun texte exploitable (image/scan pur),NON — pas de span texte sur la page,image_area_ratio=1.00
Ressources/PLU bioclimatique/Règlement/Documents graphiques/Atlas 3/Secteur Montmartre/M70024.pdf,aucun texte exploitable (image/scan pur),NON — pas de span texte sur la page,image_area_ratio=1.00
Ressources/PLU bioclimatique/Règlement/Documents graphiques/Atlas 3/Secteur Montmartre/M70025.pdf,aucun texte exploitable (image/scan pur),NON — pas de span texte sur la page,image_area_ratio=1.00
Ressources/PLU bioclimatique/Règlement/Documents graphiques/Atlas 3/Secteur Montmartre/M70026.pdf,aucun texte exploitable (image/scan pur),NON — pas de span texte sur la page,image_area_ratio=1.00
Ressources/PLU bioclimatique/Règlement/Documents graphiques/Atlas 3/Secteur Montmartre/M70027.pdf,aucun texte exploitable (image/scan pur),NON — pas de span texte sur la page,image_area_ratio=1.00
Ressources/PLU bioclimatique/Règlement/Documents graphiques/Atlas 3/Secteur Montmartre/M70029.pdf,aucun texte exploitable (image/scan pur),NON — pas de span texte sur la page,image_area_ratio=1.00
Ressources/PLU bioclimatique/Règlement/Documents graphiques/Atlas 3/Secteur Montmartre/M70033.pdf,aucun texte exploitable (image/scan pur),NON — pas de span texte sur la page,image_area_ratio=1.00
Ressources/PLU bioclimatique/Règlement/Documents graphiques/Atlas 3/Secteur Montmartre/M70034.pdf,aucun texte exploitable (image/scan pur),NON — pas de span texte sur la page,image_area_ratio=1.00
Ressources/PLU bioclimatique/Règlement/Documents graphiques/Atlas 3/Secteur Montmartre/M70035.pdf,aucun texte exploitable (image/scan pur),NON — pas de span texte sur la page,image_area_ratio=1.00
Ressources/PLU bioclimatique/Règlement/Documents graphiques/Atlas 3/Secteur Montmartre/M70036.pdf,aucun texte exploitable (image/scan pur),NON — pas de span texte sur la page,image_area_ratio=1.00
Ressources/PLU bioclimatique/Règlement/Documents graphiques/Atlas 3/Secteur Montmartre/M70037.pdf,aucun texte exploitable (image/scan pur),NON — pas de span texte sur la page,image_area_ratio=1.00
Ressources/PLU bioclimatique/Règlement/Documents graphiques/Atlas 3/Secteur Montmartre/M70038.pdf,aucun texte exploitable (image/scan pur),NON — pas de span texte sur la page,image_area_ratio=1.00
Ressources/PLU bioclimatique/Règlement/Documents graphiques/Atlas 3/Secteur Montmartre/M70039.pdf,aucun texte exploitable (image/scan pur),NON — pas de span texte sur la page,image_area_ratio=1.00
Ressources/PLU bioclimatique/Règlement/Documents graphiques/Atlas 3/Secteur Montmartre/M70040.pdf,aucun texte exploitable (image/scan pur),NON — pas de span texte sur la page,image_area_ratio=1.00
Ressources/PLU bioclimatique/Règlement/Documents graphiques/Atlas 3/Secteur Montmartre/M70041.pdf,aucun texte exploitable (image/scan pur),NON — pas de span texte sur la page,image_area_ratio=1.00
Ressources/PLU bioclimatique/Règlement/Documents graphiques/Atlas 3/Secteur Montmartre/M70042.pdf,aucun texte exploitable (image/scan pur),NON — pas de span texte sur la page,image_area_ratio=1.00
Ressources/PLU bioclimatique/Règlement/Documents graphiques/Atlas 3/Secteur Montmartre/M70043.pdf,aucun texte exploitable (image/scan pur),NON — pas de span texte sur la page,image_area_ratio=1.00
Ressources/PLU bioclimatique/Règlement/Documents graphiques/Atlas 3/Secteur Montmartre/M70044.pdf,aucun texte exploitable (image/scan pur),NON — pas de span texte sur la page,image_area_ratio=1.00
Ressources/PLU bioclimatique/Règlement/Documents graphiques/Atlas 3/Secteur Montmartre/M70045.pdf,aucun texte exploitable (image/scan pur),NON — pas de span texte sur la page,image_area_ratio=1.00
Ressources/PLU bioclimatique/Règlement/Documents graphiques/Atlas 3/Secteur Montmartre/M70046.pdf,aucun texte exploitable (image/scan pur),NON — pas de span texte sur la page,image_area_ratio=1.00
Ressources/PLU bioclimatique/Règlement/Documents graphiques/Atlas 3/Secteur Montmartre/M70047.pdf,aucun texte exploitable (image/scan pur),NON — pas de span texte sur la page,image_area_ratio=1.00
Ressources/PLU bioclimatique/Règlement/Documents graphiques/Atlas 3/Secteur Montmartre/M70048.pdf,aucun texte exploitable (image/scan pur),NON — pas de span texte sur la page,image_area_ratio=1.00
Ressources/PLU bioclimatique/Règlement/Documents graphiques/Atlas 3/Secteur Montmartre/M70049.pdf,aucun texte exploitable (image/scan pur),NON — pas de span texte sur la page,image_area_ratio=1.00
Ressources/PLU bioclimatique/Règlement/Documents graphiques/Atlas 3/Secteur Montmartre/M70050.pdf,aucun texte exploitable (image/scan pur),NON — pas de span texte sur la page,image_area_ratio=1.00
Ressources/PLU bioclimatique/Règlement/Documents graphiques/Atlas 3/Secteur Montmartre/M70051.pdf,aucun texte exploitable (image/scan pur),NON — pas de span texte sur la page,image_area_ratio=1.00
Ressources/PLU bioclimatique/Règlement/Documents graphiques/Atlas 3/Secteur Montmartre/M70052.pdf,aucun texte exploitable (image/scan pur),NON — pas de span texte sur la page,image_area_ratio=1.00
Ressources/PLU bioclimatique/Règlement/Documents graphiques/Atlas 3/Secteur Montmartre/M70053.pdf,aucun texte exploitable (image/scan pur),NON — pas de span texte sur la page,image_area_ratio=1.00
Ressources/PLU bioclimatique/Règlement/Documents graphiques/Atlas 3/Secteur Montmartre/M70054.pdf,aucun texte exploitable (image/scan pur),NON — pas de span texte sur la page,image_area_ratio=1.00
Ressources/PLU bioclimatique/Règlement/Documents graphiques/Atlas 3/Secteur Montmartre/M70055.pdf,aucun texte exploitable (image/scan pur),NON — pas de span texte sur la page,image_area_ratio=1.00
Ressources/PLU bioclimatique/Règlement/Documents graphiques/Atlas 3/Secteur Montmartre/M70056.pdf,aucun texte exploitable (image/scan pur),NON — pas de span texte sur la page,image_area_ratio=1.00
Ressources/PLU bioclimatique/Règlement/Documents graphiques/Atlas 3/Secteur Montmartre/M70057.pdf,aucun texte exploitable (image/scan pur),NON — pas de span texte sur la page,image_area_ratio=1.00
Ressources/PLU bioclimatique/Règlement/Documents graphiques/Atlas 3/Secteur Montmartre/M70058.pdf,aucun texte exploitable (image/scan pur),NON — pas de span texte sur la page,image_area_ratio=1.00
Ressources/PLU bioclimatique/Règlement/Documents graphiques/Atlas 3/Secteur Montmartre/M70059.pdf,aucun texte exploitable (image/scan pur),NON — pas de span texte sur la page,image_area_ratio=1.00
Ressources/PLU bioclimatique/Règlement/Documents graphiques/Atlas 3/Secteur Montmartre/M70060.pdf,aucun texte exploitable (image/scan pur),NON — pas de span texte sur la page,image_area_ratio=1.00
Ressources/PLU bioclimatique/Règlement/Documents graphiques/Atlas 3/Secteur Montmartre/M70061.pdf,aucun texte exploitable (image/scan pur),NON — pas de span texte sur la page,image_area_ratio=1.00
Ressources/PLU bioclimatique/Règlement/Documents graphiques/Atlas 3/Secteur Montmartre/M70062.pdf,aucun texte exploitable (image/scan pur),NON — pas de span texte sur la page,image_area_ratio=1.00
Ressources/PLU bioclimatique/Règlement/Documents graphiques/Atlas 3/Secteur Montmartre/M70177.pdf,aucun texte exploitable (image/scan pur),NON — pas de span texte sur la page,image_area_ratio=1.00
Ressources/PLU bioclimatique/Règlement/Documents graphiques/Atlas 3/Secteur maisons et villas/Consultation_des_plans_des_secteurs_de_maisons_et_villas.pdf,linéaire (texte courant),"OUI — pas de contrainte de mise en page particulière, méthode gap-Y applicable","n_spans=91, max_size=11.0, median_size=11.0"
Ressources/PLU bioclimatique/Règlement/Documents graphiques/Atlas 3/Secteur maisons et villas/LEGSMV.pdf,linéaire (texte courant),"OUI — pas de contrainte de mise en page particulière, méthode gap-Y applicable","n_spans=150, max_size=19.9, median_size=9.8"
Ressources/PLU bioclimatique/Règlement/Documents graphiques/Atlas 3/Secteur maisons et villas/P07.pdf,"sommaire / table des matières (linéaire, dense)",OUI — méthode d'ancrage titre validée (études REG1/REG2 de cette session),n_spans=350
Ressources/PLU bioclimatique/Règlement/Documents graphiques/Atlas 3/Secteur maisons et villas/P08.pdf,"sommaire / table des matières (linéaire, dense)",OUI — méthode d'ancrage titre validée (études REG1/REG2 de cette session),n_spans=353
Ressources/PLU bioclimatique/Règlement/Documents graphiques/Atlas 3/Secteur maisons et villas/P09.pdf,planche graphique (carte/plan) avec encart texte,"PROBABLE — span de taille nettement supérieure à la médiane (18.0pt vs médiane 4.4pt) détecté en haut de page (candidat: '^') ; à confirmer par détection de cadre vectoriel (get_drawings, non exécutée ici)","n_spans=510, image_area_ratio=0.00, n_outliers_top=8"
Ressources/PLU bioclimatique/Règlement/Documents graphiques/Atlas 3/Secteur maisons et villas/P10.pdf,"sommaire / table des matières (linéaire, dense)",OUI — méthode d'ancrage titre validée (études REG1/REG2 de cette session),n_spans=177
Ressources/PLU bioclimatique/Règlement/Documents graphiques/Atlas 3/Secteur maisons et villas/P11.pdf,planche graphique (carte/plan) avec encart texte,"PROBABLE — span de taille nettement supérieure à la médiane (110.2pt vs médiane 5.2pt) détecté en haut de page (candidat: '!') ; à confirmer par détection de cadre vectoriel (get_drawings, non exécutée ici)","n_spans=880, image_area_ratio=0.00, n_outliers_top=4"
Ressources/PLU bioclimatique/Règlement/Documents graphiques/Atlas 3/Secteur maisons et villas/P12.pdf,planche graphique (carte/plan) avec encart texte,"PROBABLE — span de taille nettement supérieure à la médiane (96.0pt vs médiane 4.4pt) détecté en haut de page (candidat: '!') ; à confirmer par détection de cadre vectoriel (get_drawings, non exécutée ici)","n_spans=687, image_area_ratio=0.00, n_outliers_top=4"
Ressources/PLU bioclimatique/Règlement/Documents graphiques/Atlas 3/Secteur maisons et villas/P13.pdf,planche graphique (carte/plan) avec encart texte,"PROBABLE — span de taille nettement supérieure à la médiane (126.0pt vs médiane 4.4pt) détecté en haut de page (candidat: '!') ; à confirmer par détection de cadre vectoriel (get_drawings, non exécutée ici)","n_spans=568, image_area_ratio=0.00, n_outliers_top=11"
Ressources/PLU bioclimatique/Règlement/Documents graphiques/Atlas 3/Secteur maisons et villas/P14.pdf,planche graphique (carte/plan) avec encart texte,"PROBABLE — span de taille nettement supérieure à la médiane (13.9pt vs médiane 4.3pt) détecté en haut de page (candidat: 'SMV 13-4') ; à confirmer par détection de cadre vectoriel (get_drawings, non exécutée ici)","n_spans=556, image_area_ratio=0.00, n_outliers_top=19"
Ressources/PLU bioclimatique/Règlement/Documents graphiques/Atlas 3/Secteur maisons et villas/P15.pdf,planche graphique (carte/plan) avec encart texte,"PROBABLE — span de taille nettement supérieure à la médiane (111.0pt vs médiane 4.4pt) détecté en haut de page (candidat: '!') ; à confirmer par détection de cadre vectoriel (get_drawings, non exécutée ici)","n_spans=422, image_area_ratio=0.00, n_outliers_top=7"
Ressources/PLU bioclimatique/Règlement/Documents graphiques/Atlas 3/Secteur maisons et villas/P16.pdf,planche graphique (carte/plan) avec encart texte,"PROBABLE — span de taille nettement supérieure à la médiane (13.9pt vs médiane 4.3pt) détecté en haut de page (candidat: 'SMV 13-3') ; à confirmer par détection de cadre vectoriel (get_drawings, non exécutée ici)","n_spans=406, image_area_ratio=0.00, n_outliers_top=9"
Ressources/PLU bioclimatique/Règlement/Documents graphiques/Atlas 3/Secteur maisons et villas/P17.pdf,planche graphique (carte/plan) avec encart texte,"PROBABLE — span de taille nettement supérieure à la médiane (111.7pt vs médiane 5.2pt) détecté en haut de page (candidat: '!') ; à confirmer par détection de cadre vectoriel (get_drawings, non exécutée ici)","n_spans=530, image_area_ratio=0.00, n_outliers_top=4"
Ressources/PLU bioclimatique/Règlement/Documents graphiques/Atlas 3/Secteur maisons et villas/P18.pdf,"sommaire / table des matières (linéaire, dense)",OUI — méthode d'ancrage titre validée (études REG1/REG2 de cette session),n_spans=304
Ressources/PLU bioclimatique/Règlement/Documents graphiques/Atlas 3/Secteur maisons et villas/P19.pdf,planche graphique (carte/plan) avec encart texte,"PROBABLE — span de taille nettement supérieure à la médiane (18.0pt vs médiane 5.2pt) détecté en haut de page (candidat: '^_') ; à confirmer par détection de cadre vectoriel (get_drawings, non exécutée ici)","n_spans=632, image_area_ratio=0.00, n_outliers_top=9"
Ressources/PLU bioclimatique/Règlement/Documents graphiques/Atlas 3/Secteur maisons et villas/P20.pdf,planche graphique (carte/plan) avec encart texte,"PROBABLE — span de taille nettement supérieure à la médiane (123.7pt vs médiane 5.2pt) détecté en haut de page (candidat: '!') ; à confirmer par détection de cadre vectoriel (get_drawings, non exécutée ici)","n_spans=574, image_area_ratio=0.00, n_outliers_top=5"
Ressources/PLU bioclimatique/Règlement/Documents graphiques/Atlas 3/Secteur maisons et villas/P21.pdf,planche graphique (carte/plan) avec encart texte,"PROBABLE — span de taille nettement supérieure à la médiane (126.0pt vs médiane 4.4pt) détecté en haut de page (candidat: '!') ; à confirmer par détection de cadre vectoriel (get_drawings, non exécutée ici)","n_spans=562, image_area_ratio=0.00, n_outliers_top=8"
Ressources/PLU bioclimatique/Règlement/Documents graphiques/Atlas 3/Secteur maisons et villas/P22.pdf,planche graphique (carte/plan) avec encart texte,"PROBABLE — span de taille nettement supérieure à la médiane (111.0pt vs médiane 5.2pt) détecté en haut de page (candidat: '!') ; à confirmer par détection de cadre vectoriel (get_drawings, non exécutée ici)","n_spans=741, image_area_ratio=0.00, n_outliers_top=18"
Ressources/PLU bioclimatique/Règlement/Documents graphiques/Atlas 3/Secteur maisons et villas/P23.pdf,planche graphique (carte/plan) avec encart texte,"PROBABLE — span de taille nettement supérieure à la médiane (18.0pt vs médiane 4.4pt) détecté en haut de page (candidat: '^_') ; à confirmer par détection de cadre vectoriel (get_drawings, non exécutée ici)","n_spans=509, image_area_ratio=0.00, n_outliers_top=15"
Ressources/PLU bioclimatique/Règlement/Documents graphiques/Atlas 3/Secteur maisons et villas/P24.pdf,"sommaire / table des matières (linéaire, dense)",OUI — méthode d'ancrage titre validée (études REG1/REG2 de cette session),n_spans=277
Ressources/PLU bioclimatique/Règlement/Documents graphiques/Atlas 3/Secteur maisons et villas/P25.pdf,planche graphique (carte/plan) avec encart texte,"PROBABLE — span de taille nettement supérieure à la médiane (9.7pt vs médiane 4.4pt) détecté en haut de page (candidat: 'i') ; à confirmer par détection de cadre vectoriel (get_drawings, non exécutée ici)","n_spans=619, image_area_ratio=0.00, n_outliers_top=85"
Ressources/PLU bioclimatique/Règlement/Documents graphiques/Atlas 3/Secteur maisons et villas/P26.pdf,planche graphique (carte/plan) avec encart texte,"PROBABLE — span de taille nettement supérieure à la médiane (126.0pt vs médiane 4.4pt) détecté en haut de page (candidat: '!') ; à confirmer par détection de cadre vectoriel (get_drawings, non exécutée ici)","n_spans=443, image_area_ratio=0.00, n_outliers_top=9"
Ressources/PLU bioclimatique/Règlement/Documents graphiques/Atlas 3/Secteur maisons et villas/P27.pdf,"sommaire / table des matières (linéaire, dense)",OUI — méthode d'ancrage titre validée (études REG1/REG2 de cette session),n_spans=160
Ressources/PLU bioclimatique/Règlement/Documents graphiques/Atlas 3/Secteur maisons et villas/P28.pdf,"sommaire / table des matières (linéaire, dense)",OUI — méthode d'ancrage titre validée (études REG1/REG2 de cette session),n_spans=357
Ressources/PLU bioclimatique/Règlement/Documents graphiques/Atlas 3/Secteur maisons et villas/P29.pdf,"sommaire / table des matières (linéaire, dense)",OUI — méthode d'ancrage titre validée (études REG1/REG2 de cette session),n_spans=361
Ressources/PLU bioclimatique/Règlement/Documents graphiques/Atlas 3/Secteur maisons et villas/P30.pdf,planche graphique (carte/plan) avec encart texte,"PROBABLE — span de taille nettement supérieure à la médiane (111.7pt vs médiane 4.9pt) détecté en haut de page (candidat: '!') ; à confirmer par détection de cadre vectoriel (get_drawings, non exécutée ici)","n_spans=472, image_area_ratio=0.00, n_outliers_top=33"
Ressources/PLU bioclimatique/Règlement/Documents graphiques/Atlas 3/Secteur maisons et villas/P31.pdf,planche graphique (carte/plan) avec encart texte,"PROBABLE — span de taille nettement supérieure à la médiane (18.0pt vs médiane 5.2pt) détecté en haut de page (candidat: '^_') ; à confirmer par détection de cadre vectoriel (get_drawings, non exécutée ici)","n_spans=519, image_area_ratio=0.00, n_outliers_top=5"
Ressources/PLU bioclimatique/Règlement/Documents graphiques/Atlas 3/Secteur maisons et villas/P32.pdf,planche graphique (carte/plan) avec encart texte,"PROBABLE — span de taille nettement supérieure à la médiane (111.7pt vs médiane 5.2pt) détecté en haut de page (candidat: '!') ; à confirmer par détection de cadre vectoriel (get_drawings, non exécutée ici)","n_spans=511, image_area_ratio=0.00, n_outliers_top=4"
Ressources/PLU bioclimatique/Règlement/Documents graphiques/Atlas 3/Secteur maisons et villas/P33.pdf,planche graphique (carte/plan) avec encart texte,"PROBABLE — span de taille nettement supérieure à la médiane (125.2pt vs médiane 5.2pt) détecté en haut de page (candidat: '!') ; à confirmer par détection de cadre vectoriel (get_drawings, non exécutée ici)","n_spans=508, image_area_ratio=0.00, n_outliers_top=11"
Ressources/PLU bioclimatique/Règlement/Documents graphiques/Atlas 3/Secteur maisons et villas/P34.pdf,planche graphique (carte/plan) avec encart texte,"PROBABLE — span de taille nettement supérieure à la médiane (126.0pt vs médiane 4.4pt) détecté en haut de page (candidat: '!') ; à confirmer par détection de cadre vectoriel (get_drawings, non exécutée ici)","n_spans=470, image_area_ratio=0.00, n_outliers_top=17"
Ressources/PLU bioclimatique/Règlement/Documents graphiques/Atlas 3/Secteur maisons et villas/P35.pdf,"sommaire / table des matières (linéaire, dense)",OUI — méthode d'ancrage titre validée (études REG1/REG2 de cette session),n_spans=396
Ressources/PLU bioclimatique/Règlement/Documents graphiques/Atlas 3/Secteur maisons et villas/P36.pdf,planche graphique (carte/plan) avec encart texte,"PROBABLE — span de taille nettement supérieure à la médiane (126.0pt vs médiane 5.2pt) détecté en haut de page (candidat: '!') ; à confirmer par détection de cadre vectoriel (get_drawings, non exécutée ici)","n_spans=751, image_area_ratio=0.00, n_outliers_top=9"
Ressources/PLU bioclimatique/Règlement/Documents graphiques/Atlas 3/Secteur maisons et villas/P37.pdf,planche graphique (carte/plan) avec encart texte,"PROBABLE — span de taille nettement supérieure à la médiane (126.0pt vs médiane 4.4pt) détecté en haut de page (candidat: '!') ; à confirmer par détection de cadre vectoriel (get_drawings, non exécutée ici)","n_spans=561, image_area_ratio=0.00, n_outliers_top=25"
Ressources/PLU bioclimatique/Règlement/Documents graphiques/Atlas 3/Secteur maisons et villas/P38.pdf,planche graphique (carte/plan) avec encart texte,"PROBABLE — span de taille nettement supérieure à la médiane (13.9pt vs médiane 5.2pt) détecté en haut de page (candidat: 'SMV 16-32 Grande avenue de la Villa de la Réunion') ; à confirmer par détection de cadre vectoriel (get_drawings, non exécutée ici)","n_spans=529, image_area_ratio=0.00, n_outliers_top=1"
Ressources/PLU bioclimatique/Règlement/Documents graphiques/Atlas 3/Secteur maisons et villas/P39.pdf,planche graphique (carte/plan) avec encart texte,"PROBABLE — span de taille nettement supérieure à la médiane (126.0pt vs médiane 4.4pt) détecté en haut de page (candidat: '!') ; à confirmer par détection de cadre vectoriel (get_drawings, non exécutée ici)","n_spans=588, image_area_ratio=0.00, n_outliers_top=23"
Ressources/PLU bioclimatique/Règlement/Documents graphiques/Atlas 3/Secteur maisons et villas/P40.pdf,planche graphique (carte/plan) avec encart texte,"PROBABLE — span de taille nettement supérieure à la médiane (125.2pt vs médiane 4.4pt) détecté en haut de page (candidat: '!') ; à confirmer par détection de cadre vectoriel (get_drawings, non exécutée ici)","n_spans=975, image_area_ratio=0.00, n_outliers_top=11"
Ressources/PLU bioclimatique/Règlement/Documents graphiques/Atlas 3/Secteur maisons et villas/P42.pdf,planche graphique (carte/plan) avec encart texte,"PROBABLE — span de taille nettement supérieure à la médiane (126.0pt vs médiane 5.2pt) détecté en haut de page (candidat: '!') ; à confirmer par détection de cadre vectoriel (get_drawings, non exécutée ici)","n_spans=1145, image_area_ratio=0.00, n_outliers_top=8"
Ressources/PLU bioclimatique/Règlement/Documents graphiques/Atlas 3/Secteur maisons et villas/P44.pdf,planche graphique (carte/plan) avec encart texte,"PROBABLE — span de taille nettement supérieure à la médiane (7.9pt vs médiane 4.4pt) détecté en haut de page (candidat: '4m') ; à confirmer par détection de cadre vectoriel (get_drawings, non exécutée ici)","n_spans=508, image_area_ratio=0.00, n_outliers_top=6"
Ressources/PLU bioclimatique/Règlement/Documents graphiques/Atlas 3/Secteur maisons et villas/P45.pdf,planche graphique (carte/plan) avec encart texte,"PROBABLE — span de taille nettement supérieure à la médiane (7.9pt vs médiane 4.4pt) détecté en haut de page (candidat: '3m') ; à confirmer par détection de cadre vectoriel (get_drawings, non exécutée ici)","n_spans=409, image_area_ratio=0.00, n_outliers_top=3"
Ressources/PLU bioclimatique/Règlement/Documents graphiques/Atlas 3/Secteur maisons et villas/P46.pdf,"sommaire / table des matières (linéaire, dense)",OUI — méthode d'ancrage titre validée (études REG1/REG2 de cette session),n_spans=257
Ressources/PLU bioclimatique/Règlement/Documents graphiques/Atlas 3/Secteur maisons et villas/P47.pdf,planche graphique (carte/plan) avec encart texte,"PROBABLE — span de taille nettement supérieure à la médiane (110.2pt vs médiane 4.4pt) détecté en haut de page (candidat: '!') ; à confirmer par détection de cadre vectoriel (get_drawings, non exécutée ici)","n_spans=618, image_area_ratio=0.00, n_outliers_top=21"
Ressources/PLU bioclimatique/Règlement/Documents graphiques/Atlas 3/Secteur maisons et villas/P48.pdf,"sommaire / table des matières (linéaire, dense)",OUI — méthode d'ancrage titre validée (études REG1/REG2 de cette session),n_spans=249
Ressources/PLU bioclimatique/Règlement/Documents graphiques/Atlas 3/Secteur maisons et villas/P49.pdf,planche graphique (carte/plan) avec encart texte,"PROBABLE — span de taille nettement supérieure à la médiane (9.7pt vs médiane 4.9pt) détecté en haut de page (candidat: 'i') ; à confirmer par détection de cadre vectoriel (get_drawings, non exécutée ici)","n_spans=793, image_area_ratio=0.00, n_outliers_top=188"
Ressources/PLU bioclimatique/Règlement/Documents graphiques/Atlas 3/Secteur maisons et villas/P50.pdf,planche graphique (carte/plan) avec encart texte,"PROBABLE — span de taille nettement supérieure à la médiane (18.0pt vs médiane 4.4pt) détecté en haut de page (candidat: '^') ; à confirmer par détection de cadre vectoriel (get_drawings, non exécutée ici)","n_spans=453, image_area_ratio=0.00, n_outliers_top=17"
Ressources/PLU bioclimatique/Règlement/Documents graphiques/Atlas 3/Secteur maisons et villas/P51.pdf,planche graphique (carte/plan) avec encart texte,"PROBABLE — span de taille nettement supérieure à la médiane (18.0pt vs médiane 4.4pt) détecté en haut de page (candidat: '^') ; à confirmer par détection de cadre vectoriel (get_drawings, non exécutée ici)","n_spans=2402, image_area_ratio=0.00, n_outliers_top=45"
Ressources/PLU bioclimatique/Règlement/Documents graphiques/Atlas 3/Secteur maisons et villas/P54.pdf,planche graphique (carte/plan) avec encart texte,"PROBABLE — span de taille nettement supérieure à la médiane (13.9pt vs médiane 4.4pt) détecté en haut de page (candidat: 'SMV 19-18 Butte Bergeyre') ; à confirmer par détection de cadre vectoriel (get_drawings, non exécutée ici)","n_spans=574, image_area_ratio=0.00, n_outliers_top=1"
Ressources/PLU bioclimatique/Règlement/Documents graphiques/Atlas 3/Secteur maisons et villas/P55.pdf,planche graphique (carte/plan) avec encart texte,"PROBABLE — span de taille nettement supérieure à la médiane (18.0pt vs médiane 3.7pt) détecté en haut de page (candidat: '^_') ; à confirmer par détection de cadre vectoriel (get_drawings, non exécutée ici)","n_spans=800, image_area_ratio=0.00, n_outliers_top=54"
Ressources/PLU bioclimatique/Règlement/Documents graphiques/Atlas 3/Secteur maisons et villas/P56.pdf,planche graphique (carte/plan) avec encart texte,"PROBABLE — span de taille nettement supérieure à la médiane (11.2pt vs médiane 4.4pt) détecté en haut de page (candidat: '!') ; à confirmer par détection de cadre vectoriel (get_drawings, non exécutée ici)","n_spans=718, image_area_ratio=0.00, n_outliers_top=85"
Ressources/PLU bioclimatique/Règlement/Documents graphiques/Atlas 3/Secteur maisons et villas/P57.pdf,"sommaire / table des matières (linéaire, dense)",OUI — méthode d'ancrage titre validée (études REG1/REG2 de cette session),n_spans=390
Ressources/PLU bioclimatique/Règlement/Documents graphiques/Atlas 3/Secteur maisons et villas/P58.pdf,planche graphique (carte/plan) avec encart texte,"PROBABLE — span de taille nettement supérieure à la médiane (9.7pt vs médiane 5.2pt) détecté en haut de page (candidat: 'i') ; à confirmer par détection de cadre vectoriel (get_drawings, non exécutée ici)","n_spans=1054, image_area_ratio=0.00, n_outliers_top=152"
Ressources/PLU bioclimatique/Règlement/Documents graphiques/Atlas 3/Secteur maisons et villas/P59.pdf,planche graphique (carte/plan) avec encart texte,"PROBABLE — span de taille nettement supérieure à la médiane (18.0pt vs médiane 4.4pt) détecté en haut de page (candidat: '^') ; à confirmer par détection de cadre vectoriel (get_drawings, non exécutée ici)","n_spans=836, image_area_ratio=0.00, n_outliers_top=40"
Ressources/PLU bioclimatique/Règlement/Pièces écrites/Tome 1/REG1_MS1.pdf,couverture / page de titre (linéaire),"OUI — plus grande taille de police en haut de page (méthode gap-Y validée sur PADD.pdf, OAP_BARTHOLOME_BRANCION.pdf)","n_spans=18, max_size=20.0, median_size=9.5, image_area_ratio=1.00"
Ressources/PLU bioclimatique/Règlement/Pièces écrites/Tome 2/REG2A10_1DE2_MS1.pdf,couverture / page de titre (linéaire),"OUI — plus grande taille de police en haut de page (méthode gap-Y validée sur PADD.pdf, OAP_BARTHOLOME_BRANCION.pdf)","n_spans=6, max_size=20.0, median_size=15.0, image_area_ratio=1.00"
Ressources/PLU bioclimatique/Règlement/Pièces écrites/Tome 2/REG2A10_2DE2_MS1.pdf,couverture / page de titre (linéaire),"OUI — plus grande taille de police en haut de page (méthode gap-Y validée sur PADD.pdf, OAP_BARTHOLOME_BRANCION.pdf)","n_spans=18, max_size=20.0, median_size=10.0, image_area_ratio=1.00"
Ressources/PLU bioclimatique/Règlement/Pièces écrites/Tome 2/REG2A1_MS1.pdf,planche graphique (carte/plan) avec encart texte,"PROBABLE — span de taille nettement supérieure à la médiane (20.0pt vs médiane 10.0pt) détecté en haut de page (candidat: 'RÈGLEMENT ') ; à confirmer par détection de cadre vectoriel (get_drawings, non exécutée ici)","n_spans=23, image_area_ratio=1.00, n_outliers_top=1"
